province,province_name,model,horizon_step,mae,rmse,bias
an_giang,An Giang,lstm,1,3.951847628284625,5.537799402930304,0.13871173654526792
an_giang,An Giang,lstm,2,4.186897303535501,5.778634450208961,0.6683359936121859
an_giang,An Giang,lstm,3,4.35948593012643,6.002764713329201,0.40612672918427806
an_giang,An Giang,lstm,4,4.834099899999593,6.769138603449218,0.778499920784931
an_giang,An Giang,lstm,5,5.355615453308081,7.593744719938718,1.00706499170038
an_giang,An Giang,lstm,6,5.878627228254937,8.44471695175883,1.0891474853467242
an_giang,An Giang,lstm,7,6.372190263032252,9.268220513470606,1.3029336857502771
an_giang,An Giang,lstm,8,7.01499482501465,10.275283721196312,1.5144241807766015
an_giang,An Giang,lstm,9,7.575987550884403,11.154959344195703,1.461751816152723
an_giang,An Giang,lstm,10,8.11068282730278,12.021497099002117,1.6349291308172818
an_giang,An Giang,lstm,11,8.699215239208462,12.876082343309479,1.7123816267535934
an_giang,An Giang,lstm,12,9.251794330477479,13.710168787751059,1.6849660597478782
an_giang,An Giang,mamba,1,2.1005033598123823,3.205316221675052,0.4803019768181558
an_giang,An Giang,mamba,2,2.191315371603707,3.1556249843652644,0.47638906810758985
an_giang,An Giang,mamba,3,2.4528864158603154,3.473809531284345,0.49092180521961626
an_giang,An Giang,mamba,4,2.855240240108386,3.994947542253128,0.4005228134076651
an_giang,An Giang,mamba,5,3.3634168327776064,4.686708597172324,0.30684245922619324
an_giang,An Giang,mamba,6,3.932854076722667,5.4846824324392465,0.35821997679938317
an_giang,An Giang,mamba,7,4.607073963420806,6.482938747523145,0.5885945840624651
an_giang,An Giang,mamba,8,5.379517923023226,7.738427348732704,0.9072681234981916
an_giang,An Giang,mamba,9,6.254358897169478,9.236968234749508,1.3489085411770307
an_giang,An Giang,mamba,10,7.033816598778058,10.595134890549929,1.6178127731825216
an_giang,An Giang,mamba,11,7.701689102892549,11.709665407428819,1.8685425309685078
an_giang,An Giang,mamba,12,8.31130706418189,12.618924464941633,2.004532805332058
an_giang,An Giang,transformer,1,3.8408935840196947,5.535100154826276,1.5457472935395726
an_giang,An Giang,transformer,2,3.861394925293259,5.626636941616475,1.439740784622779
an_giang,An Giang,transformer,3,4.009041620255273,5.9347446168480795,1.357612553920436
an_giang,An Giang,transformer,4,4.246075536823915,6.371215308116442,1.3044183393154076
an_giang,An Giang,transformer,5,4.575503923474349,6.913715058182517,1.1735388369868305
an_giang,An Giang,transformer,6,5.034447655241214,7.643768663935623,0.9766301772351592
an_giang,An Giang,transformer,7,5.6697890969245055,8.605489624584258,0.7614672370151636
an_giang,An Giang,transformer,8,6.439317870319622,9.790215561101538,0.6444767374771245
an_giang,An Giang,transformer,9,7.223885092053014,10.993095776917997,0.582145988775821
an_giang,An Giang,transformer,10,7.868232914534912,12.04168675557571,0.5819021883437996
an_giang,An Giang,transformer,11,8.400801842712571,12.912972519626054,0.6139586558665163
an_giang,An Giang,transformer,12,8.891789903916681,13.627691239151783,0.5982282958331204
bac_ninh,Bắc Ninh,lstm,1,6.5687003844416525,9.993377156069306,0.9860655504514715
bac_ninh,Bắc Ninh,lstm,2,6.521364007164362,10.233012586808176,1.2758809050727449
bac_ninh,Bắc Ninh,lstm,3,6.666003774188598,10.582621944125911,0.9791871236044407
bac_ninh,Bắc Ninh,lstm,4,6.829497232637469,10.501370074581203,0.9687777839385466
bac_ninh,Bắc Ninh,lstm,5,7.542194981826377,11.169914988811902,0.9936493107406006
bac_ninh,Bắc Ninh,lstm,6,8.509192549516131,12.27794750635922,1.6546613955563891
bac_ninh,Bắc Ninh,lstm,7,9.538773580907216,13.784444271644965,1.1348910639789715
bac_ninh,Bắc Ninh,lstm,8,10.961563633492766,15.799188759062126,1.208387295499568
bac_ninh,Bắc Ninh,lstm,9,12.266298990329012,17.70366456655639,1.3635395940598447
bac_ninh,Bắc Ninh,lstm,10,13.42499177700652,19.34300674084697,1.1690055841120093
bac_ninh,Bắc Ninh,lstm,11,14.324586636198923,20.77993593123976,0.8699310701894136
bac_ninh,Bắc Ninh,lstm,12,15.253028270889263,22.05152881043685,0.8956096919812336
bac_ninh,Bắc Ninh,mamba,1,5.75025391399128,8.875793309526035,0.3068666461909805
bac_ninh,Bắc Ninh,mamba,2,6.346791576214645,9.886572704826467,0.9721612888718709
bac_ninh,Bắc Ninh,mamba,3,7.063483735279956,10.68408036021264,1.40383998222215
bac_ninh,Bắc Ninh,mamba,4,7.460148655985538,10.71817421192868,1.71888545274829
bac_ninh,Bắc Ninh,mamba,5,7.818594522434617,10.973365118869376,1.6959188539170105
bac_ninh,Bắc Ninh,mamba,6,8.640291943514201,12.225032568186476,1.5674055585585271
bac_ninh,Bắc Ninh,mamba,7,9.844030869370927,14.213009653395401,1.2822936394835482
bac_ninh,Bắc Ninh,mamba,8,11.381853548912504,16.693012242798602,0.9274593599722397
bac_ninh,Bắc Ninh,mamba,9,12.99422938966392,19.1758003367011,0.563670935160198
bac_ninh,Bắc Ninh,mamba,10,14.58056674493101,21.471596019157545,0.3944528755856278
bac_ninh,Bắc Ninh,mamba,11,15.943570751261248,23.355257330753272,0.20477344212057663
bac_ninh,Bắc Ninh,mamba,12,17.16317760665597,24.868323858143842,0.3728676386593921
bac_ninh,Bắc Ninh,transformer,1,5.80761841521866,8.498593802744555,-0.14267248999633064
bac_ninh,Bắc Ninh,transformer,2,6.130606643368316,8.939483730736779,0.47075714159711124
bac_ninh,Bắc Ninh,transformer,3,6.514568260818826,9.509290917404558,0.9203390453337111
bac_ninh,Bắc Ninh,transformer,4,6.913896201576357,10.04786590413172,1.1777864290616176
bac_ninh,Bắc Ninh,transformer,5,7.512832012622544,10.922999317017513,1.317088305170556
bac_ninh,Bắc Ninh,transformer,6,8.458981538546544,12.452255345556104,1.413681502007701
bac_ninh,Bắc Ninh,transformer,7,9.646227618507389,14.329824981761051,1.5468341466032036
bac_ninh,Bắc Ninh,transformer,8,11.131560462833727,16.57173284677088,1.9316789261934733
bac_ninh,Bắc Ninh,transformer,9,12.6542275088957,18.83707705737886,2.4495254347261057
bac_ninh,Bắc Ninh,transformer,10,13.959687582613975,20.72626125010453,2.847675376405236
bac_ninh,Bắc Ninh,transformer,11,14.927184614074925,22.02459344029352,3.0103077595544816
bac_ninh,Bắc Ninh,transformer,12,15.694980882908492,22.80833628434598,2.824132852028912
ca_mau,Cà Mau,lstm,1,1.5689010151406861,2.2088995184475273,0.1014361311602205
ca_mau,Cà Mau,lstm,2,1.5878160350435175,2.262980863402894,0.04886170733886913
ca_mau,Cà Mau,lstm,3,1.6462553979100285,2.3220542658820915,-0.09703177211306371
ca_mau,Cà Mau,lstm,4,1.7831848967042274,2.474982797398147,-0.21308440194449346
ca_mau,Cà Mau,lstm,5,1.9521145935905295,2.7247936543987565,-0.3685800293065516
ca_mau,Cà Mau,lstm,6,2.192361618477439,3.0858337671549494,-0.3922474430611906
ca_mau,Cà Mau,lstm,7,2.391645624294576,3.4244081583052735,-0.45813492069251943
ca_mau,Cà Mau,lstm,8,2.637832968186822,3.8143419895571777,-0.6445351871667379
ca_mau,Cà Mau,lstm,9,2.88017096578059,4.179115055542481,-0.6556174943147555
ca_mau,Cà Mau,lstm,10,3.145909036854832,4.539792171857686,-0.8264180741705122
ca_mau,Cà Mau,lstm,11,3.3913689400532676,4.868724632525804,-0.7322937356447635
ca_mau,Cà Mau,lstm,12,3.6347368318222837,5.197864609532363,-0.6185197992736841
ca_mau,Cà Mau,mamba,1,1.015506346736973,1.4661727892501824,0.3473170125857734
ca_mau,Cà Mau,mamba,2,1.0542750258413611,1.545379948444262,0.36228462367411224
ca_mau,Cà Mau,mamba,3,1.1583531999984904,1.7148841833277644,0.35245866809531995
ca_mau,Cà Mau,mamba,4,1.3410179963718556,1.9852199024382768,0.3856547987276819
ca_mau,Cà Mau,mamba,5,1.5794397536318217,2.3256560768453864,0.4326281099625632
ca_mau,Cà Mau,mamba,6,1.8423772548051094,2.6855082798281433,0.4166444240937477
ca_mau,Cà Mau,mamba,7,2.1015053233881105,3.032744705547481,0.3855213584098559
ca_mau,Cà Mau,mamba,8,2.368159744317126,3.3841562184071163,0.3348536935534876
ca_mau,Cà Mau,mamba,9,2.6338155234658522,3.763880711851032,0.2724803859545889
ca_mau,Cà Mau,mamba,10,2.899785659070342,4.109232113988721,0.28302559869609745
ca_mau,Cà Mau,mamba,11,3.142738351356969,4.420166802963796,0.318136701307928
ca_mau,Cà Mau,mamba,12,3.4052644488455237,4.75529491863658,0.3414687006614343
ca_mau,Cà Mau,transformer,1,1.554269461040217,2.083467603349529,-0.6957538671262955
ca_mau,Cà Mau,transformer,2,1.6105031751707533,2.1957309078015195,-0.6740568269116511
ca_mau,Cà Mau,transformer,3,1.7362318314874734,2.4215535242638206,-0.6390199551637146
ca_mau,Cà Mau,transformer,4,1.9115278476105764,2.6771017598495797,-0.6280485463907829
ca_mau,Cà Mau,transformer,5,2.124358793690334,2.9739879206488293,-0.6247445392646441
ca_mau,Cà Mau,transformer,6,2.3787825051820612,3.322993322537045,-0.6367778143049279
ca_mau,Cà Mau,transformer,7,2.631141128116688,3.685903145125263,-0.6546805166697341
ca_mau,Cà Mau,transformer,8,2.8853873926828744,4.051315148195625,-0.6734822780141932
ca_mau,Cà Mau,transformer,9,3.1429494743634443,4.408078088644313,-0.695218997581866
ca_mau,Cà Mau,transformer,10,3.40710074552883,4.744216958839285,-0.7274910514429359
ca_mau,Cà Mau,transformer,11,3.6960431385078083,5.082961612841386,-0.7423891732015168
ca_mau,Cà Mau,transformer,12,4.005948126812186,5.436344151707097,-0.7245103372641135
can_tho,TP. Cần Thơ,lstm,1,3.8053797488641607,5.3707232282358826,0.25997632389922865
can_tho,TP. Cần Thơ,lstm,2,3.867469365758363,5.367136211212169,0.8323547160677431
can_tho,TP. Cần Thơ,lstm,3,3.9276938738919327,5.438703977828976,0.8408162105286636
can_tho,TP. Cần Thơ,lstm,4,4.26756281329203,5.851284984853259,0.7723412576101623
can_tho,TP. Cần Thơ,lstm,5,4.733006064966468,6.506357872795282,0.8594823089611705
can_tho,TP. Cần Thơ,lstm,6,5.392253086484712,7.381608055432118,1.0613418152726364
can_tho,TP. Cần Thơ,lstm,7,6.069433651507208,8.359418897922806,1.1010252475927522
can_tho,TP. Cần Thơ,lstm,8,6.777148004472138,9.369901881590396,1.0409842546714756
can_tho,TP. Cần Thơ,lstm,9,7.3965206289877266,10.255059704178787,1.038167604982404
can_tho,TP. Cần Thơ,lstm,10,8.193871549892842,11.315679465244655,1.2782039377739445
can_tho,TP. Cần Thơ,lstm,11,8.845783148972325,12.188915374641978,1.267620062478421
can_tho,TP. Cần Thơ,lstm,12,9.432328233631933,12.958280052973786,1.027814134075393
can_tho,TP. Cần Thơ,mamba,1,2.851414487326944,3.919782966245556,1.8147383458171154
can_tho,TP. Cần Thơ,mamba,2,3.0592737806443417,4.229578517988519,2.028171103859628
can_tho,TP. Cần Thơ,mamba,3,3.498588267177804,4.808950372399707,2.342723410988534
can_tho,TP. Cần Thơ,mamba,4,4.07970949491243,5.552548552545845,2.658247830893282
can_tho,TP. Cần Thơ,mamba,5,4.711298484061381,6.401056992366215,2.889740363690667
can_tho,TP. Cần Thơ,mamba,6,5.468743500046157,7.513194591216797,3.2465075955143345
can_tho,TP. Cần Thơ,mamba,7,6.35958038432892,8.870088025003454,3.750853108736054
can_tho,TP. Cần Thơ,mamba,8,7.32902166855699,10.386873795420799,4.347296303149211
can_tho,TP. Cần Thơ,mamba,9,8.258234241015373,11.861172344848914,4.805402378501091
can_tho,TP. Cần Thơ,mamba,10,9.033192728702577,13.04700209296398,5.072567719388849
can_tho,TP. Cần Thơ,mamba,11,9.714864746710633,14.01373974931749,5.251669260418892
can_tho,TP. Cần Thơ,mamba,12,10.243339972509263,14.759338125902627,5.176503915140376
can_tho,TP. Cần Thơ,transformer,1,3.590642951000696,4.716310783099443,0.5239018603917204
can_tho,TP. Cần Thơ,transformer,2,3.7064572295356353,4.739528509756097,0.4122017426855546
can_tho,TP. Cần Thơ,transformer,3,3.9979427774605467,5.085445746919108,0.345794824395348
can_tho,TP. Cần Thơ,transformer,4,4.464450651721448,5.694953094216548,0.32343128490107803
can_tho,TP. Cần Thơ,transformer,5,5.058168635782248,6.528291522625284,0.3874221844092939
can_tho,TP. Cần Thơ,transformer,6,5.814917390137686,7.578238353147339,0.5024205592242773
can_tho,TP. Cần Thơ,transformer,7,6.754469160517671,8.880567942476572,0.6537083154437185
can_tho,TP. Cần Thơ,transformer,8,7.788173447229822,10.357829943836295,0.8948497643699449
can_tho,TP. Cần Thơ,transformer,9,8.758808093651202,11.792978161458889,1.1622612870405744
can_tho,TP. Cần Thơ,transformer,10,9.633762158527292,13.098890428292878,1.420651055213907
can_tho,TP. Cần Thơ,transformer,11,10.39766389209507,14.202283087982483,1.613684153396177
can_tho,TP. Cần Thơ,transformer,12,11.064174069991624,15.12755754700849,1.7212068343795675
cao_bang,Cao Bằng,lstm,1,5.511356158715791,7.9119956562375,-0.606531612654787
cao_bang,Cao Bằng,lstm,2,5.553330015106141,8.139616610096441,-0.5333608687042103
cao_bang,Cao Bằng,lstm,3,5.582226030891772,8.332080854556539,-0.9296155272614989
cao_bang,Cao Bằng,lstm,4,5.736996300297033,8.735001078011077,-0.9477158197560955
cao_bang,Cao Bằng,lstm,5,6.190152670625557,9.599223655664316,-0.8403856486873498
cao_bang,Cao Bằng,lstm,6,6.42102478063631,10.010084335514922,-0.9311985737078255
cao_bang,Cao Bằng,lstm,7,6.91953337310658,10.753519794947747,-1.0937127163615248
cao_bang,Cao Bằng,lstm,8,7.654829499270772,11.876978370148272,-1.0526265111462823
cao_bang,Cao Bằng,lstm,9,8.164293590822345,12.523229744173175,-1.0008506412029834
cao_bang,Cao Bằng,lstm,10,8.619083207985073,12.942035226108827,-1.2476763897267211
cao_bang,Cao Bằng,lstm,11,9.154042348661358,13.574074291352469,-0.9235538886361684
cao_bang,Cao Bằng,lstm,12,9.707222542779766,14.160481132208988,-1.0551149895207257
cao_bang,Cao Bằng,mamba,1,3.759695501399333,5.505744788436869,1.2737923726835187
cao_bang,Cao Bằng,mamba,2,4.302300390061338,6.254799093518708,1.8375545128252693
cao_bang,Cao Bằng,mamba,3,5.102962469704984,7.392499013635515,2.58970358595695
cao_bang,Cao Bằng,mamba,4,5.7475244413988955,8.194089471738486,3.063921029918306
cao_bang,Cao Bằng,mamba,5,6.494450212706189,9.14340346403081,3.4171192805728317
cao_bang,Cao Bằng,mamba,6,7.147468376386463,9.985950145282603,3.5103791728645293
cao_bang,Cao Bằng,mamba,7,7.918102495735522,11.033422755302414,3.589063946046954
cao_bang,Cao Bằng,mamba,8,8.578759462928847,11.947403886420592,3.314895501365465
cao_bang,Cao Bằng,mamba,9,9.288598597734824,13.014416418998811,2.9973692287304456
cao_bang,Cao Bằng,mamba,10,10.061934316531563,14.159383116568078,2.767554494439729
cao_bang,Cao Bằng,mamba,11,10.534378884852618,14.851601092154903,2.3168924795083474
cao_bang,Cao Bằng,mamba,12,11.092484483631933,15.612140252140637,1.9099714526381701
cao_bang,Cao Bằng,transformer,1,4.749043941308806,6.566667020626957,-0.4471851746524746
cao_bang,Cao Bằng,transformer,2,4.83570299515212,6.9612467394565805,-0.19313634297132395
cao_bang,Cao Bằng,transformer,3,5.083618546590604,7.516785211936399,-0.02248206121601191
cao_bang,Cao Bằng,transformer,4,5.529285713646368,8.195745322937876,0.34315492537018805
cao_bang,Cao Bằng,transformer,5,6.014920020358599,8.800507157461766,0.6014728402505543
cao_bang,Cao Bằng,transformer,6,6.630789160681205,9.621080578196889,0.7333775738426206
cao_bang,Cao Bằng,transformer,7,7.317665739660455,10.54782369537354,0.8391823830984435
cao_bang,Cao Bằng,transformer,8,8.05085662013238,11.55545304456006,0.9397189185300896
cao_bang,Cao Bằng,transformer,9,8.776787912472344,12.510580477215681,0.94046652661965
cao_bang,Cao Bằng,transformer,10,9.471817743858551,13.38037979217591,0.7769960319528114
cao_bang,Cao Bằng,transformer,11,10.150981023110335,14.212154926870197,0.7420457665333424
cao_bang,Cao Bằng,transformer,12,10.821299886684592,15.028359489159707,0.6614158152588955
da_nang,TP. Đà Nẵng,lstm,1,9.158618071227616,13.240992381840814,0.7157953967662544
da_nang,TP. Đà Nẵng,lstm,2,9.843568019436033,14.56983695190328,0.734742901318611
da_nang,TP. Đà Nẵng,lstm,3,10.789400310115687,16.420558719794194,0.11324056594370849
da_nang,TP. Đà Nẵng,lstm,4,12.15060717219452,19.19771078500001,0.6599165273478141
da_nang,TP. Đà Nẵng,lstm,5,13.767944562732819,22.161055857920974,0.6185063480433141
da_nang,TP. Đà Nẵng,lstm,6,15.512447195397073,25.145909069877423,-0.7348890905573024
da_nang,TP. Đà Nẵng,lstm,7,17.27980608038613,28.460190722694534,-2.7720092292631424
da_nang,TP. Đà Nẵng,lstm,8,19.44783973618249,31.663686583847635,-3.2899500665048547
da_nang,TP. Đà Nẵng,lstm,9,21.075575989954913,34.41724991429387,-4.787627045899405
da_nang,TP. Đà Nẵng,lstm,10,22.831790402443033,36.98514598160731,-6.934963545343774
da_nang,TP. Đà Nẵng,lstm,11,23.564175046723463,38.334239295422414,-7.52093375527665
da_nang,TP. Đà Nẵng,lstm,12,24.292654774560372,39.31275029039012,-8.53002596449578
da_nang,TP. Đà Nẵng,mamba,1,13.250358413714432,21.89073809055949,4.0143248141875025
da_nang,TP. Đà Nẵng,mamba,2,12.785992456436913,22.0886579456648,3.5681822297122334
da_nang,TP. Đà Nẵng,mamba,3,13.109416016689426,22.70366067621763,2.849089901833793
da_nang,TP. Đà Nẵng,mamba,4,13.067904620146024,23.22801150717873,1.542497508638301
da_nang,TP. Đà Nẵng,mamba,5,13.185060618276214,23.12488841460681,0.7516437746729115
da_nang,TP. Đà Nẵng,mamba,6,13.893931267519484,23.773105475355273,0.2881209335296909
da_nang,TP. Đà Nẵng,mamba,7,15.782514737704137,26.09300436040442,0.4383980671281244
da_nang,TP. Đà Nẵng,mamba,8,18.24945790324474,30.046542724190456,0.5458129462485175
da_nang,TP. Đà Nẵng,mamba,9,21.03965288903852,35.228854084585926,0.98564274198613
da_nang,TP. Đà Nẵng,mamba,10,23.512755239383125,39.835646761632006,1.4391794873758106
da_nang,TP. Đà Nẵng,mamba,11,25.52229833130415,43.41280803015218,1.3387634029380868
da_nang,TP. Đà Nẵng,mamba,12,27.49756894015245,46.433155940752336,1.2590391496982642
da_nang,TP. Đà Nẵng,transformer,1,9.007968996329955,12.063461380524993,1.9204888436419123
da_nang,TP. Đà Nẵng,transformer,2,8.953598565257733,12.289802669767406,2.220475956224705
da_nang,TP. Đà Nẵng,transformer,3,9.292902137190872,13.00363425432526,2.5622329999188134
da_nang,TP. Đà Nẵng,transformer,4,9.983668423719553,13.870228296521669,3.393028746131295
da_nang,TP. Đà Nẵng,transformer,5,11.83339324509677,16.884778710459287,6.008893141895828
da_nang,TP. Đà Nẵng,transformer,6,13.634595830904507,20.104613367228268,6.793901102532482
da_nang,TP. Đà Nẵng,transformer,7,15.758815080458996,23.973487685715998,8.213266210144019
da_nang,TP. Đà Nẵng,transformer,8,18.067742363214965,27.988841414444835,9.906848529478506
da_nang,TP. Đà Nẵng,transformer,9,19.790737111276453,31.18326021859512,11.139878731514791
da_nang,TP. Đà Nẵng,transformer,10,21.282284847385014,33.671233699525466,11.485179250976465
da_nang,TP. Đà Nẵng,transformer,11,21.949623265154912,34.43775522821522,11.218971089148777
da_nang,TP. Đà Nẵng,transformer,12,23.88382500804609,36.113602204811976,12.40270114011156
dak_lak,Đắk Lắk,lstm,1,4.225964398408664,7.234603947805829,-0.24705953065053463
dak_lak,Đắk Lắk,lstm,2,4.253306845091564,7.186331759859954,-0.29062402508252205
dak_lak,Đắk Lắk,lstm,3,4.374188603459017,7.36489731598398,-0.5662523618162127
dak_lak,Đắk Lắk,lstm,4,4.552224381878127,7.632391985519803,-0.9236670489165691
dak_lak,Đắk Lắk,lstm,5,4.7248280676782395,7.801928652766717,-0.9956254282500411
dak_lak,Đắk Lắk,lstm,6,5.042691501794332,8.06725915913524,-0.7232546297935942
dak_lak,Đắk Lắk,lstm,7,5.416238031073595,8.559393681722483,-0.623048872310776
dak_lak,Đắk Lắk,lstm,8,5.902563990178299,9.197415684850537,-0.43339376113171907
dak_lak,Đắk Lắk,lstm,9,6.257854592455223,9.567260831746916,-0.17633391466114287
dak_lak,Đắk Lắk,lstm,10,6.613238759141001,10.015204435353038,-0.2611561312923061
dak_lak,Đắk Lắk,lstm,11,7.0713611637558484,10.496041061376012,-0.020568289739765263
dak_lak,Đắk Lắk,lstm,12,7.458911150351338,10.963419229946838,-0.13896579870948986
dak_lak,Đắk Lắk,mamba,1,2.7282528637233256,4.667739995308901,0.9601090446711059
dak_lak,Đắk Lắk,mamba,2,2.813864040034563,4.667658214974133,1.0096304209705766
dak_lak,Đắk Lắk,mamba,3,3.395328913328433,5.4069363726487945,1.2523420865319335
dak_lak,Đắk Lắk,mamba,4,3.824092354700767,5.985327077254557,1.244542259098375
dak_lak,Đắk Lắk,mamba,5,4.069259210375628,6.227499256813728,1.2054813300339513
dak_lak,Đắk Lắk,mamba,6,4.436423952221351,6.546763190141703,1.0215446655116194
dak_lak,Đắk Lắk,mamba,7,4.971239533728661,7.360150070996438,0.6833086274608562
dak_lak,Đắk Lắk,mamba,8,5.568651726261945,8.365840103145606,0.41485552612014387
dak_lak,Đắk Lắk,mamba,9,5.977097404319712,9.155163879946004,-0.15166648474658145
dak_lak,Đắk Lắk,mamba,10,6.3551059130208625,9.749319865758794,-0.2878017743050556
dak_lak,Đắk Lắk,mamba,11,6.725618709423596,10.357424877985835,-0.4361885212925848
dak_lak,Đắk Lắk,mamba,12,7.124092471727152,10.949018537352666,-0.7693095779872536
dak_lak,Đắk Lắk,transformer,1,3.430354842202228,5.040467534003673,-0.5800297979414581
dak_lak,Đắk Lắk,transformer,2,3.7506061656768956,5.620715439150737,-0.6143503321384184
dak_lak,Đắk Lắk,transformer,3,4.217556529700921,6.513673219910273,-0.6412133864358546
dak_lak,Đắk Lắk,transformer,4,4.545402391534262,7.075059341024026,-0.7121661583488063
dak_lak,Đắk Lắk,transformer,5,4.681371081031319,7.157699912962133,-0.8809808639604989
dak_lak,Đắk Lắk,transformer,6,4.90616346549005,7.300109785876236,-1.1314098163110322
dak_lak,Đắk Lắk,transformer,7,5.233116326046708,7.8401616118773765,-1.4029333565946709
dak_lak,Đắk Lắk,transformer,8,5.665480795522743,8.693162017315613,-1.7909356985496614
dak_lak,Đắk Lắk,transformer,9,6.048152131312337,9.363918925288083,-2.0958858040935504
dak_lak,Đắk Lắk,transformer,10,6.33774048649882,9.859272661569754,-2.3887667601135956
dak_lak,Đắk Lắk,transformer,11,6.711007046784572,10.43427227694679,-2.5575764331371595
dak_lak,Đắk Lắk,transformer,12,7.122745259905258,11.064388314412193,-2.695454615994762
dien_bien,Điện Biên,lstm,1,5.406339740639776,8.930961661385737,-2.901119489968414
dien_bien,Điện Biên,lstm,2,5.40154082577615,9.025124996182454,-2.9232620189362843
dien_bien,Điện Biên,lstm,3,5.538435664953715,9.20582924870479,-3.103997876518452
dien_bien,Điện Biên,lstm,4,5.8316771816838795,9.73344476076092,-2.979945971670011
dien_bien,Điện Biên,lstm,5,6.347661634120873,10.499502353819882,-3.40033311121907
dien_bien,Điện Biên,lstm,6,6.7597313773948615,11.054875543788583,-3.4868442113561096
dien_bien,Điện Biên,lstm,7,7.619737616050258,12.460926952312004,-3.8857427643160944
dien_bien,Điện Biên,lstm,8,8.520475510042715,13.86683864803502,-4.501985050977056
dien_bien,Điện Biên,lstm,9,9.28930191572252,14.968294252995864,-4.759092611402829
dien_bien,Điện Biên,lstm,10,9.918705534660953,15.846230794797606,-4.747586559880786
dien_bien,Điện Biên,lstm,11,10.614735229498235,16.624726943908346,-4.6275957034213455
dien_bien,Điện Biên,lstm,12,11.526985194916485,17.96256014775673,-4.988276872094358
dien_bien,Điện Biên,mamba,1,4.696351775185626,11.595393960357066,1.1987004206381853
dien_bien,Điện Biên,mamba,2,4.753024058544206,11.650613745529661,1.1197620456860362
dien_bien,Điện Biên,mamba,3,5.187735319799059,12.162474679775057,1.0848996891561502
dien_bien,Điện Biên,mamba,4,5.56440639382452,12.622444622608121,0.7613897221550505
dien_bien,Điện Biên,mamba,5,6.327246723031412,13.476903849039262,0.7314609734727615
dien_bien,Điện Biên,mamba,6,7.110476433734689,14.81333501576601,0.31813001462593943
dien_bien,Điện Biên,mamba,7,7.958381577233592,16.176488807134266,-0.011996028445043895
dien_bien,Điện Biên,mamba,8,8.479938380830683,16.585477285191615,-0.12084525868479716
dien_bien,Điện Biên,mamba,9,9.350052761360619,18.328019218306984,-0.33622901514320214
dien_bien,Điện Biên,mamba,10,9.87224684619639,18.7654227167343,-0.5797245306860961
dien_bien,Điện Biên,mamba,11,10.680455429706127,20.090657501694327,-0.6391875281770504
dien_bien,Điện Biên,mamba,12,11.248733508412062,21.053648867352813,-1.020399854904217
dien_bien,Điện Biên,transformer,1,3.759219120099721,5.453215603324724,-1.048831010592442
dien_bien,Điện Biên,transformer,2,3.753824794949211,5.503696881675742,-0.9216735520818334
dien_bien,Điện Biên,transformer,3,3.7865065205347617,5.530088517702737,-0.5950356187491581
dien_bien,Điện Biên,transformer,4,3.9052071701757405,5.661329069133229,-0.45010525434677723
dien_bien,Điện Biên,transformer,5,4.130077649334617,5.920476484707497,-0.28156569001223897
dien_bien,Điện Biên,transformer,6,4.400013730491006,6.223177806025725,-0.06735605670023284
dien_bien,Điện Biên,transformer,7,4.730883975185859,6.6242845242429205,0.1333937393593684
dien_bien,Điện Biên,transformer,8,5.089976672468515,7.091532180450362,0.3600583199324515
dien_bien,Điện Biên,transformer,9,5.44645317839669,7.562908551015683,0.4998470515048178
dien_bien,Điện Biên,transformer,10,5.830954736534962,8.063916296376686,0.6588915946981617
dien_bien,Điện Biên,transformer,11,6.223481102307259,8.529861148183661,0.696325166046832
dien_bien,Điện Biên,transformer,12,6.654866352754125,9.022965073622865,0.6865608746033077
dong_nai,Đồng Nai,lstm,1,3.8885144110100165,6.3466750381649,-0.9227672445363012
dong_nai,Đồng Nai,lstm,2,3.8388657420578336,6.165642121269863,-1.0285436756498418
dong_nai,Đồng Nai,lstm,3,3.7365012847380275,6.39266683728632,-1.1931373302869461
dong_nai,Đồng Nai,lstm,4,3.947049322744423,6.846500337964376,-1.2407341320931415
dong_nai,Đồng Nai,lstm,5,4.257439920649943,7.39956359146855,-1.4074600891040707
dong_nai,Đồng Nai,lstm,6,4.673895708493094,8.109044250684928,-1.7029566195953285
dong_nai,Đồng Nai,lstm,7,5.114818061952595,8.748591311772426,-2.3462721922545975
dong_nai,Đồng Nai,lstm,8,5.5140955982064614,9.269689758256687,-2.333712235736885
dong_nai,Đồng Nai,lstm,9,5.8029957203179,9.669001378732215,-2.469906712069759
dong_nai,Đồng Nai,lstm,10,6.158004455324491,10.043475794243665,-2.614274546970605
dong_nai,Đồng Nai,lstm,11,6.545209271540209,10.475176027190207,-2.4777207966130543
dong_nai,Đồng Nai,lstm,12,6.8723856744150105,10.952138588213565,-2.307748914757183
dong_nai,Đồng Nai,mamba,1,2.578642114494889,3.844801268761778,0.2451687395879781
dong_nai,Đồng Nai,mamba,2,2.883253433947236,4.444982759852463,0.2876455236700287
dong_nai,Đồng Nai,mamba,3,3.1317263530257953,4.742692237811407,0.26588374019566857
dong_nai,Đồng Nai,mamba,4,3.4615575931774356,5.177572692255076,-0.061126510916463074
dong_nai,Đồng Nai,mamba,5,3.994841898805888,6.119282024895362,-0.13034705193421692
dong_nai,Đồng Nai,mamba,6,4.5473655265236586,7.311795236233165,-0.15591738652105708
dong_nai,Đồng Nai,mamba,7,5.066657401624295,8.429154756402776,0.08872583807341598
dong_nai,Đồng Nai,mamba,8,5.618747292366285,9.30299424770709,0.11844242805060627
dong_nai,Đồng Nai,mamba,9,6.19665556071157,10.185804477312088,0.009880906572617842
dong_nai,Đồng Nai,mamba,10,6.706433180160008,10.85237037550718,0.009183718106409333
dong_nai,Đồng Nai,mamba,11,7.096699571401602,11.32453071548957,0.0463514248624568
dong_nai,Đồng Nai,mamba,12,7.465993789751474,11.874450644349261,-0.3121696832016542
dong_nai,Đồng Nai,transformer,1,3.9740009391019613,5.492216577158442,-1.8986650165281171
dong_nai,Đồng Nai,transformer,2,4.235117813636517,6.118285689073145,-2.170232912684262
dong_nai,Đồng Nai,transformer,3,4.313207881109515,6.483594366329339,-2.019346126052911
dong_nai,Đồng Nai,transformer,4,4.709156137678862,7.062749347167758,-2.1728602139854356
dong_nai,Đồng Nai,transformer,5,4.92206412008061,7.371930893539907,-1.8604644974970506
dong_nai,Đồng Nai,transformer,6,5.205035168454612,7.920478456679805,-1.8738205448956513
dong_nai,Đồng Nai,transformer,7,5.542611538300758,8.575688429437935,-1.6700682577706971
dong_nai,Đồng Nai,transformer,8,5.808219927811594,9.213945886134889,-1.2235707582767832
dong_nai,Đồng Nai,transformer,9,6.124691576509782,9.73270070292944,-1.2504107716817776
dong_nai,Đồng Nai,transformer,10,6.425277087029794,10.163565014544337,-1.2683219108324508
dong_nai,Đồng Nai,transformer,11,6.622611391700264,10.5123024293265,-1.0691239473794218
dong_nai,Đồng Nai,transformer,12,7.011217512689409,10.992410062014024,-0.9283107238963063
dong_thap,Đồng Tháp,lstm,1,4.511262312324757,6.149027239715441,3.065256952625204
dong_thap,Đồng Tháp,lstm,2,4.3835730263509305,6.022775846681674,2.999268521593527
dong_thap,Đồng Tháp,lstm,3,4.414941936648653,6.101567391403906,2.8097127853193973
dong_thap,Đồng Tháp,lstm,4,4.4292826023169845,6.11727205762444,2.2614203614466635
dong_thap,Đồng Tháp,lstm,5,4.671963060086463,6.419221717482208,2.0930273635870305
dong_thap,Đồng Tháp,lstm,6,5.050140931216016,6.907623736789195,2.0472735035669882
dong_thap,Đồng Tháp,lstm,7,5.075303835572112,7.342004128545483,1.1365825427792822
dong_thap,Đồng Tháp,lstm,8,5.504961983721926,8.220477666782177,0.7164451623312594
dong_thap,Đồng Tháp,lstm,9,5.940616157099315,9.001768205508556,0.5097124082343805
dong_thap,Đồng Tháp,lstm,10,6.27243617749904,9.60365952490241,0.0972694188320963
dong_thap,Đồng Tháp,lstm,11,6.921324223031895,10.442685119607294,0.5021539688866336
dong_thap,Đồng Tháp,lstm,12,7.414178607107579,11.24958658809132,0.16504063494754503
dong_thap,Đồng Tháp,mamba,1,2.373146642260829,3.3882644637372135,0.9928888282367647
dong_thap,Đồng Tháp,mamba,2,2.534360582470374,3.760288740711268,1.1747192400956126
dong_thap,Đồng Tháp,mamba,3,2.7929161909408053,4.103905590578098,1.2310398175893111
dong_thap,Đồng Tháp,mamba,4,3.078101606818829,4.442517015433884,1.1889602292212427
dong_thap,Đồng Tháp,mamba,5,3.4576885391217207,5.017133616166083,1.2407208509592607
dong_thap,Đồng Tháp,mamba,6,4.010803833491643,5.869886558998103,1.4353609633171696
dong_thap,Đồng Tháp,mamba,7,4.630950449952237,6.8405238723417305,1.690953315556451
dong_thap,Đồng Tháp,mamba,8,5.329295136840675,7.9896333727400455,2.076652024881829
dong_thap,Đồng Tháp,mamba,9,6.216659589745532,9.376756000232287,2.4307985596840127
dong_thap,Đồng Tháp,mamba,10,6.999853756330432,10.576077654868863,2.6932032763178366
dong_thap,Đồng Tháp,mamba,11,7.492905378247177,11.204762623394547,2.746021896707034
dong_thap,Đồng Tháp,mamba,12,7.802806084655931,11.526652573682815,2.5861730344986285
dong_thap,Đồng Tháp,transformer,1,3.4250087292006315,4.717869067230249,0.4788815229599598
dong_thap,Đồng Tháp,transformer,2,3.512017670766352,4.910411351199687,0.3697252322698556
dong_thap,Đồng Tháp,transformer,3,3.9088839615237085,5.51647034542713,1.0881942706688312
dong_thap,Đồng Tháp,transformer,4,4.283657438359088,6.062908663233883,1.3379977237975083
dong_thap,Đồng Tháp,transformer,5,4.9013989464045045,6.877293278132433,1.8385397298346424
dong_thap,Đồng Tháp,transformer,6,5.549164114705259,7.738246575919676,2.246001208438034
dong_thap,Đồng Tháp,transformer,7,6.0688709753447,8.466131717702837,2.7092265425057245
dong_thap,Đồng Tháp,transformer,8,6.689119627019313,9.243483629793229,3.1483040264188604
dong_thap,Đồng Tháp,transformer,9,7.130059528388629,9.85240301482511,3.238586014525738
dong_thap,Đồng Tháp,transformer,10,7.509231408626089,10.502326301997698,3.363545395484105
dong_thap,Đồng Tháp,transformer,11,7.98265269517993,11.102347756622171,3.6064463255190917
dong_thap,Đồng Tháp,transformer,12,8.327946462188974,11.680147717293597,3.5996129931413225
gia_lai,Gia Lai,lstm,1,3.62834311268701,5.555439442129841,0.9305510382967906
gia_lai,Gia Lai,lstm,2,3.7660546909472887,5.940480585255975,1.1258710255662554
gia_lai,Gia Lai,lstm,3,4.016552477945092,6.545227811483355,1.120749861769765
gia_lai,Gia Lai,lstm,4,4.51732556422079,7.6495036638566205,1.4120738724607633
gia_lai,Gia Lai,lstm,5,5.044370614201882,8.72951007574158,1.0578310191985685
gia_lai,Gia Lai,lstm,6,5.847580039212971,10.248667768936652,1.3764394986171171
gia_lai,Gia Lai,lstm,7,6.713437664381247,11.772040161312328,1.2030037612703364
gia_lai,Gia Lai,lstm,8,7.537578792927334,13.20719709891871,1.3195181478832243
gia_lai,Gia Lai,lstm,9,8.274259557432945,14.33258059047255,1.1612222938371282
gia_lai,Gia Lai,lstm,10,8.86728176520639,15.144073722953419,0.9779974853902689
gia_lai,Gia Lai,lstm,11,9.098312656131945,15.56958393280872,0.5277229850366859
gia_lai,Gia Lai,lstm,12,9.345538329473337,15.837357711002191,-0.27812137067010845
gia_lai,Gia Lai,mamba,1,2.717636112934344,4.156710740760278,-0.20385015686494795
gia_lai,Gia Lai,mamba,2,2.864123830897346,4.383357760780161,0.06919213717200197
gia_lai,Gia Lai,mamba,3,3.1535501408284023,4.763834219225343,0.489257761093061
gia_lai,Gia Lai,mamba,4,3.4714893109733227,5.115130541435134,0.7455975687130547
gia_lai,Gia Lai,mamba,5,4.078402730523713,5.975537414606598,0.9200456991963003
gia_lai,Gia Lai,mamba,6,4.902690276615779,7.3666559263271765,1.0636980795359452
gia_lai,Gia Lai,mamba,7,5.95023423208871,9.562901831615681,1.2061585401005088
gia_lai,Gia Lai,mamba,8,7.092960050736351,12.224852218363704,1.703950746636801
gia_lai,Gia Lai,mamba,9,8.320462966598408,14.656686490512906,2.1012830836310825
gia_lai,Gia Lai,mamba,10,9.37565343057736,16.718501048289998,2.630891882329057
gia_lai,Gia Lai,mamba,11,10.083222023702735,17.957675377711848,2.823855742924373
gia_lai,Gia Lai,mamba,12,10.564795080934116,18.641026713155867,2.948080074205977
gia_lai,Gia Lai,transformer,1,3.4499812267906744,5.123697674172587,0.8301598650569062
gia_lai,Gia Lai,transformer,2,3.602828368656795,5.585315907296073,0.6863846145732697
gia_lai,Gia Lai,transformer,3,3.749303818505008,5.994143194730153,0.6102810790507603
gia_lai,Gia Lai,transformer,4,3.9095985663584476,6.443545910004193,0.44879015220614876
gia_lai,Gia Lai,transformer,5,4.211901900223026,7.341659249399701,0.5675332412991881
gia_lai,Gia Lai,transformer,6,5.034696805018827,9.0218740410102,0.6933757435741568
gia_lai,Gia Lai,transformer,7,6.091924288610215,11.060562134458605,0.8937457429006654
gia_lai,Gia Lai,transformer,8,7.144948257041081,13.020434778707115,1.1702998430068372
gia_lai,Gia Lai,transformer,9,8.137429505362192,14.785396477577706,1.350950246380758
gia_lai,Gia Lai,transformer,10,8.825812670525888,15.908772220920307,1.2557203585412642
gia_lai,Gia Lai,transformer,11,9.292820900619573,16.6130320880073,1.0042300562607216
gia_lai,Gia Lai,transformer,12,9.753017357498514,17.286265757269494,0.551257027268079
ha_noi,TP. Hà Nội,lstm,1,6.8370612617338455,9.764192493204916,2.424338541473135
ha_noi,TP. Hà Nội,lstm,2,6.854732182306568,9.958789016044564,2.6380433042135403
ha_noi,TP. Hà Nội,lstm,3,6.789654614194915,10.160519631833838,2.399151067624147
ha_noi,TP. Hà Nội,lstm,4,6.9592373742501605,10.213843556343324,2.45744720622277
ha_noi,TP. Hà Nội,lstm,5,7.614830691427926,10.971186116805617,2.3905713311557113
ha_noi,TP. Hà Nội,lstm,6,8.614576591464484,12.224540328630912,3.0003662124494688
ha_noi,TP. Hà Nội,lstm,7,9.439266227513516,13.529037591746267,2.366068679380171
ha_noi,TP. Hà Nội,lstm,8,10.983450267790236,15.515127783267268,2.7171998691143044
ha_noi,TP. Hà Nội,lstm,9,12.288147199451569,17.293676589798846,2.6435439132103786
ha_noi,TP. Hà Nội,lstm,10,13.42307198335857,18.931047755660273,2.4943763046476324
ha_noi,TP. Hà Nội,lstm,11,14.369427693442981,20.44328533341444,2.0797802973870856
ha_noi,TP. Hà Nội,lstm,12,15.314610563286514,21.83114933169025,2.04939889321949
ha_noi,TP. Hà Nội,mamba,1,4.522160208418971,6.752704024564565,0.2765345155743914
ha_noi,TP. Hà Nội,mamba,2,5.080255932530098,7.691478859193388,0.903018033650958
ha_noi,TP. Hà Nội,mamba,3,5.736498097507811,8.540567318104998,1.2199713714152067
ha_noi,TP. Hà Nội,mamba,4,6.295568380760287,9.107688459529179,1.57613647678661
ha_noi,TP. Hà Nội,mamba,5,7.024205832645811,10.118099828204318,2.100225588465512
ha_noi,TP. Hà Nội,mamba,6,8.09108966369266,11.934474493537737,2.4120930850482205
ha_noi,TP. Hà Nội,mamba,7,9.433479529829475,14.225003913654021,2.4655517686986754
ha_noi,TP. Hà Nội,mamba,8,10.97548813731057,16.769278470483936,2.438995917732641
ha_noi,TP. Hà Nội,mamba,9,12.592226803326389,19.16855919033629,2.298519861778474
ha_noi,TP. Hà Nội,mamba,10,13.980706764127449,21.08904104647998,1.9524146286778823
ha_noi,TP. Hà Nội,mamba,11,15.180945923722456,22.5959759492561,1.8053301230244252
ha_noi,TP. Hà Nội,mamba,12,16.193106135346802,23.70788196521259,1.5015790246093363
ha_noi,TP. Hà Nội,transformer,1,6.271912891147537,8.7784580636632,-0.3642553993978058
ha_noi,TP. Hà Nội,transformer,2,6.255051487738586,8.857752272255997,0.24336830529248105
ha_noi,TP. Hà Nội,transformer,3,6.4711759010100245,8.977719674662497,0.9229515323646476
ha_noi,TP. Hà Nội,transformer,4,6.698489409517401,9.154174183398066,1.7783095140188778
ha_noi,TP. Hà Nội,transformer,5,7.162684633766807,10.026792873172626,2.3216964624913685
ha_noi,TP. Hà Nội,transformer,6,8.413856167666646,12.124734912293118,3.213667610643215
ha_noi,TP. Hà Nội,transformer,7,9.625541127583265,14.247333617976954,3.626874369569492
ha_noi,TP. Hà Nội,transformer,8,11.251499035412293,16.674672064862023,4.378531841167702
ha_noi,TP. Hà Nội,transformer,9,12.712856911119847,18.807817640751338,4.938356503105995
ha_noi,TP. Hà Nội,transformer,10,13.74050139473678,20.08959704365217,4.919545177046949
ha_noi,TP. Hà Nội,transformer,11,14.468946465225008,20.81502207808791,4.490812243424943
ha_noi,TP. Hà Nội,transformer,12,15.301473275092778,21.472674431393255,3.898899754219191
ha_tinh,Hà Tĩnh,lstm,1,4.860484213570116,6.943693649854105,3.02882104934892
ha_tinh,Hà Tĩnh,lstm,2,4.900230256517965,6.924775924605997,3.1526239057216574
ha_tinh,Hà Tĩnh,lstm,3,4.9078737622539625,7.000974201100199,3.1286402568900296
ha_tinh,Hà Tĩnh,lstm,4,5.080226111969587,7.323646447123768,3.189156662694906
ha_tinh,Hà Tĩnh,lstm,5,5.351355848641231,7.640165277192415,3.2601181359882636
ha_tinh,Hà Tĩnh,lstm,6,5.914748880913273,8.381871268422467,3.5043321398577425
ha_tinh,Hà Tĩnh,lstm,7,6.12137880298858,8.739394412248412,2.9889132121324633
ha_tinh,Hà Tĩnh,lstm,8,6.768657747828861,9.797111019802127,3.319068952538501
ha_tinh,Hà Tĩnh,lstm,9,7.312081388760029,10.81674172812739,3.337709973456602
ha_tinh,Hà Tĩnh,lstm,10,8.049461839504295,11.923916471225239,3.923834432933806
ha_tinh,Hà Tĩnh,lstm,11,8.667655997743127,12.767730590888146,4.243655399438931
ha_tinh,Hà Tĩnh,lstm,12,9.105039421925222,13.35001200281613,4.40095698280652
ha_tinh,Hà Tĩnh,mamba,1,3.026171803332679,4.598013627872191,0.577291323086878
ha_tinh,Hà Tĩnh,mamba,2,3.068795948429236,4.861266704306633,0.7146561222325891
ha_tinh,Hà Tĩnh,mamba,3,3.2310241944157694,5.233821385923842,0.9685039558062891
ha_tinh,Hà Tĩnh,mamba,4,3.593464507028502,5.697824425957912,1.3613593773949586
ha_tinh,Hà Tĩnh,mamba,5,4.163924295468506,6.335020169003578,1.7862915525916452
ha_tinh,Hà Tĩnh,mamba,6,4.917773136013422,7.313648373343898,2.2354485054031232
ha_tinh,Hà Tĩnh,mamba,7,5.742359720805407,8.553951628062155,2.8085666237678786
ha_tinh,Hà Tĩnh,mamba,8,6.621172308874565,9.992177364453747,3.4627974846983918
ha_tinh,Hà Tĩnh,mamba,9,7.574978771353353,11.420526937587173,4.0921063689641235
ha_tinh,Hà Tĩnh,mamba,10,8.343307851941823,12.490863053453534,4.529294997134759
ha_tinh,Hà Tĩnh,mamba,11,9.013815226273266,13.354142042294793,4.836548472981674
ha_tinh,Hà Tĩnh,mamba,12,9.514300592447432,14.018906300039811,4.935356241438628
ha_tinh,Hà Tĩnh,transformer,1,3.1668147504022564,4.68275962252326,-0.622006197463318
ha_tinh,Hà Tĩnh,transformer,2,3.302574771574174,5.0977791611231655,-0.3509750487168441
ha_tinh,Hà Tĩnh,transformer,3,3.4488803985994863,5.3748508322933475,-0.1742703123693659
ha_tinh,Hà Tĩnh,transformer,4,3.5810711619119724,5.4817811230454945,0.3169177792821666
ha_tinh,Hà Tĩnh,transformer,5,3.876659824221653,5.840267165599954,0.7846161263640136
ha_tinh,Hà Tĩnh,transformer,6,4.48671875725745,6.861913562263071,1.3230164959182165
ha_tinh,Hà Tĩnh,transformer,7,5.392112666918935,8.460521730080098,2.065653034018185
ha_tinh,Hà Tĩnh,transformer,8,6.387528698074879,10.210198111843633,2.8674985618757627
ha_tinh,Hà Tĩnh,transformer,9,7.168771062632473,11.60025693451782,3.1862577074726
ha_tinh,Hà Tĩnh,transformer,10,7.68482803665264,12.231845877574195,3.347117895367502
ha_tinh,Hà Tĩnh,transformer,11,8.017343715406154,12.38642073354652,3.1477830110444844
ha_tinh,Hà Tĩnh,transformer,12,8.305401215797088,12.40819106842867,3.0108708016134376
hai_phong,TP. Hải Phòng,lstm,1,6.722527454450307,10.237699291602803,2.3788923912940403
hai_phong,TP. Hải Phòng,lstm,2,6.719853356203011,10.101362850397475,2.906832489001576
hai_phong,TP. Hải Phòng,lstm,3,7.419309550318225,10.834079452567577,4.178824040325587
hai_phong,TP. Hải Phòng,lstm,4,8.534203225830176,11.962226118385113,5.401188687488195
hai_phong,TP. Hải Phòng,lstm,5,9.735677301056839,13.31915256799675,6.223492979578116
hai_phong,TP. Hải Phòng,lstm,6,11.017339740440196,14.749876247978824,7.127361418564925
hai_phong,TP. Hải Phòng,lstm,7,11.741355796206154,15.870875619996596,6.830522816189688
hai_phong,TP. Hải Phòng,lstm,8,12.762287203395267,17.27730071474325,7.039315502274098
hai_phong,TP. Hải Phòng,lstm,9,13.3308482992238,18.263029578514928,6.920611567124931
hai_phong,TP. Hải Phòng,lstm,10,14.024774051685915,19.54425570773035,7.216340869747832
hai_phong,TP. Hải Phòng,lstm,11,14.92425549507519,20.646054236956086,7.404351257493559
hai_phong,TP. Hải Phòng,lstm,12,15.848532974176637,21.918538244163667,7.628465290349294
hai_phong,TP. Hải Phòng,mamba,1,3.72875563039035,6.277789812492023,0.04587822398920169
hai_phong,TP. Hải Phòng,mamba,2,3.9162332396444897,6.670643410821747,0.31011370198858007
hai_phong,TP. Hải Phòng,mamba,3,4.328065918307431,7.6508682736482285,0.5866693926859223
hai_phong,TP. Hải Phòng,mamba,4,4.967715356730772,8.888851105740017,0.8077465666696471
hai_phong,TP. Hải Phòng,mamba,5,5.786157623907899,10.251392697781673,0.8483895064817739
hai_phong,TP. Hải Phòng,mamba,6,6.732126354651465,11.818164955822839,0.6760783427960807
hai_phong,TP. Hải Phòng,mamba,7,7.824769002314933,13.606248639106704,0.5430780003291011
hai_phong,TP. Hải Phòng,mamba,8,8.996095875828123,15.45299406903557,0.46856130931852735
hai_phong,TP. Hải Phòng,mamba,9,10.173726395203676,17.281931337264094,0.42033871118860777
hai_phong,TP. Hải Phòng,mamba,10,11.348400100847108,18.989654434364468,0.35228981595638487
hai_phong,TP. Hải Phòng,mamba,11,12.557154515977421,20.544613824589547,0.50617745694687
hai_phong,TP. Hải Phòng,mamba,12,13.642248039532879,21.887181751904677,0.5660518792901207
hai_phong,TP. Hải Phòng,transformer,1,6.747817454903172,11.949113620167843,-0.5370788816133757
hai_phong,TP. Hải Phòng,transformer,2,7.3508383758097375,13.003472586738033,-0.11412262132231132
hai_phong,TP. Hải Phòng,transformer,3,7.488021865705625,13.851817282922067,-0.5577996246785434
hai_phong,TP. Hải Phòng,transformer,4,7.855278727274021,14.179396524327457,-0.14217615751250606
hai_phong,TP. Hải Phòng,transformer,5,8.15928288844196,14.527806619058808,-0.15083658019559895
hai_phong,TP. Hải Phòng,transformer,6,8.580837458407553,15.304699650579764,-0.47213806049529883
hai_phong,TP. Hải Phòng,transformer,7,8.975031238484846,16.01705458624554,-0.5667661257882558
hai_phong,TP. Hải Phòng,transformer,8,9.878579763018609,17.362497858101875,-0.5965965428240848
hai_phong,TP. Hải Phòng,transformer,9,10.795608193922552,18.568381840697565,-0.19209607971409132
hai_phong,TP. Hải Phòng,transformer,10,11.465055259314502,19.81854150314446,-0.926913261035582
hai_phong,TP. Hải Phòng,transformer,11,12.202079535570117,20.800483231919134,-1.0005966727808266
hai_phong,TP. Hải Phòng,transformer,12,12.686110456831816,21.533538011776933,-0.9599885415142602
ho_chi_minh,TP. Hồ Chí Minh,lstm,1,4.427370310678848,7.137086332082716,0.04358699966146863
ho_chi_minh,TP. Hồ Chí Minh,lstm,2,4.417246010542199,7.122035178178892,0.31399388496329483
ho_chi_minh,TP. Hồ Chí Minh,lstm,3,4.5618390701106755,7.305743074464672,0.3829938830431148
ho_chi_minh,TP. Hồ Chí Minh,lstm,4,4.826526484849852,7.7336867559864455,0.3602603222477516
ho_chi_minh,TP. Hồ Chí Minh,lstm,5,5.108103113208404,8.216029699293214,0.16234174395532158
ho_chi_minh,TP. Hồ Chí Minh,lstm,6,5.609330244105845,8.901638046713936,-0.011938960834317502
ho_chi_minh,TP. Hồ Chí Minh,lstm,7,6.047464650753793,9.537631865978428,-0.04971025298601275
ho_chi_minh,TP. Hồ Chí Minh,lstm,8,6.46140092307039,10.15096300083004,-0.40558435721599306
ho_chi_minh,TP. Hồ Chí Minh,lstm,9,6.828693190628614,10.68521332588529,-0.47879479230511646
ho_chi_minh,TP. Hồ Chí Minh,lstm,10,7.129795445818462,11.118318608616152,-0.7592498317366775
ho_chi_minh,TP. Hồ Chí Minh,lstm,11,7.663609716417669,11.722503594094961,-0.46298115273261664
ho_chi_minh,TP. Hồ Chí Minh,lstm,12,8.120207206505675,12.291876934869304,-0.7490062373968561
ho_chi_minh,TP. Hồ Chí Minh,mamba,1,2.5372124533432485,3.627465124978755,0.19116736118813302
ho_chi_minh,TP. Hồ Chí Minh,mamba,2,2.735107519997407,4.14856763521121,0.1933824398039262
ho_chi_minh,TP. Hồ Chí Minh,mamba,3,3.0112864498475065,4.656584975497334,0.19569213106361452
ho_chi_minh,TP. Hồ Chí Minh,mamba,4,3.4760760287310135,5.104037339113444,0.33096446168248156
ho_chi_minh,TP. Hồ Chí Minh,mamba,5,3.9110607030979483,5.661345567229402,0.4254249630117775
ho_chi_minh,TP. Hồ Chí Minh,mamba,6,4.391569242488739,6.492144913629127,0.7000040945725616
ho_chi_minh,TP. Hồ Chí Minh,mamba,7,4.9385978538715465,7.573595047399699,0.7477426593087623
ho_chi_minh,TP. Hồ Chí Minh,mamba,8,5.630597191928732,8.707035787673066,0.98634829594771
ho_chi_minh,TP. Hồ Chí Minh,mamba,9,6.285188265077012,9.663094392053353,1.085471382337358
ho_chi_minh,TP. Hồ Chí Minh,mamba,10,6.755020876764827,10.256973542208561,1.1173938876515468
ho_chi_minh,TP. Hồ Chí Minh,mamba,11,7.146683569524333,10.73789261740072,1.027452146577703
ho_chi_minh,TP. Hồ Chí Minh,mamba,12,7.510029020260387,11.221753563357074,1.0198115887356973
ho_chi_minh,TP. Hồ Chí Minh,transformer,1,3.5243728103305587,5.338163564116814,-1.0320609515016146
ho_chi_minh,TP. Hồ Chí Minh,transformer,2,3.4865124034089066,5.524560549148602,-0.9964167493390717
ho_chi_minh,TP. Hồ Chí Minh,transformer,3,3.5474426622771915,5.832132588280247,-0.9365044877988621
ho_chi_minh,TP. Hồ Chí Minh,transformer,4,3.7077093845211944,6.2847000851000345,-1.0669704417631378
ho_chi_minh,TP. Hồ Chí Minh,transformer,5,3.963808495204912,6.812674706056104,-1.1744647220419857
ho_chi_minh,TP. Hồ Chí Minh,transformer,6,4.365258978061352,7.595738678883006,-1.405555948514829
ho_chi_minh,TP. Hồ Chí Minh,transformer,7,4.8936913599362235,8.501063092143836,-1.7206966564690214
ho_chi_minh,TP. Hồ Chí Minh,transformer,8,5.484835959443189,9.45281616415601,-1.8121099634325264
ho_chi_minh,TP. Hồ Chí Minh,transformer,9,5.8319219386195496,10.010884954512923,-1.8402362396276464
ho_chi_minh,TP. Hồ Chí Minh,transformer,10,6.210378365314757,10.558903643101296,-2.168828410973981
ho_chi_minh,TP. Hồ Chí Minh,transformer,11,6.637814976549167,11.052252365270881,-2.2682649395802676
ho_chi_minh,TP. Hồ Chí Minh,transformer,12,6.91437505458625,11.422928512410587,-2.0790582678749194
hue,TP. Huế,lstm,1,6.038555603390217,9.075261132619522,-0.5191186609317328
hue,TP. Huế,lstm,2,5.835523061793898,8.840339160789915,-0.39373098154933595
hue,TP. Huế,lstm,3,6.080090137592063,9.391335484977393,0.2096952165444125
hue,TP. Huế,lstm,4,6.493547927185131,10.159580404447523,0.0888681853994036
hue,TP. Huế,lstm,5,7.34701760496547,11.553426335913331,-0.43891798632512524
hue,TP. Huế,lstm,6,8.127734248901803,12.861096626486884,-0.2586862168707075
hue,TP. Huế,lstm,7,9.155793829943233,14.514484180078643,-0.7237785269804904
hue,TP. Huế,lstm,8,10.03669155149577,16.155217410255087,-1.6063965212670386
hue,TP. Huế,lstm,9,10.926096105405465,17.64959848937234,-2.989271435338828
hue,TP. Huế,lstm,10,11.718399061459282,18.82752420104675,-3.1687851088225627
hue,TP. Huế,lstm,11,12.227699861893141,19.375760548070414,-2.9075192720985488
hue,TP. Huế,lstm,12,12.513900530040619,19.708816639077586,-2.956804844768946
hue,TP. Huế,mamba,1,3.8308168200335238,5.6886616554957445,0.6470448663676016
hue,TP. Huế,mamba,2,3.9776043598962785,5.850154590729707,0.9429013104463351
hue,TP. Huế,mamba,3,4.13738656544846,6.079202169094874,0.3517456901390024
hue,TP. Huế,mamba,4,4.737996502429117,7.013965815305632,-0.4411147409046731
hue,TP. Huế,mamba,5,5.810804063915687,8.868587653799747,-1.7454600929505193
hue,TP. Huế,mamba,6,7.19550714632655,11.412849725488007,-2.9370545815533227
hue,TP. Huế,mamba,7,8.723423930987261,14.194289052660336,-4.154135789844756
hue,TP. Huế,mamba,8,10.121557103420503,16.697160558927177,-5.053621067586892
hue,TP. Huế,mamba,9,11.457458050062955,18.96021211495334,-5.79321364207349
hue,TP. Huế,mamba,10,12.45356634369078,20.727369362259896,-6.125659941114984
hue,TP. Huế,mamba,11,13.109102724659694,21.6980989659978,-6.275099362355586
hue,TP. Huế,mamba,12,13.495938281808824,22.078467444190895,-6.250378586402074
hue,TP. Huế,transformer,1,4.919703824908498,7.075481937021629,0.9201781597583482
hue,TP. Huế,transformer,2,5.181385569472281,7.440572695827832,0.6699012199943141
hue,TP. Huế,transformer,3,5.583563777033034,8.220653183063922,0.2570711015662739
hue,TP. Huế,transformer,4,6.103094124387665,9.189204271146137,-0.04204407826898779
hue,TP. Huế,transformer,5,6.896648022942348,10.639819730399868,-0.47052881162978333
hue,TP. Huế,transformer,6,7.779785676367265,12.270309144164187,-0.8183662665537601
hue,TP. Huế,transformer,7,8.527922640515849,13.941487816066028,-1.1504092554794716
hue,TP. Huế,transformer,8,9.323595074968493,15.186307734602307,-1.3963935086994572
hue,TP. Huế,transformer,9,10.142253296648374,16.480635898351053,-1.9164043884640216
hue,TP. Huế,transformer,10,10.69974209078238,17.095314000761242,-2.270571759708146
hue,TP. Huế,transformer,11,11.177603920820541,17.74736463101039,-3.011765386677431
hue,TP. Huế,transformer,12,11.721306595592521,18.49626414129395,-3.4724464144349523
hung_yen,Hưng Yên,lstm,1,6.320927248367751,8.859240638738266,2.963942495641659
hung_yen,Hưng Yên,lstm,2,6.359944821727026,9.058942300819218,2.98135681091865
hung_yen,Hưng Yên,lstm,3,6.582769822564051,9.473057220011903,2.710302110234282
hung_yen,Hưng Yên,lstm,4,6.7631086000978495,9.75782946746183,2.248902655384912
hung_yen,Hưng Yên,lstm,5,7.258275854932473,10.546456292617494,1.5084069365789812
hung_yen,Hưng Yên,lstm,6,8.156788784031635,11.68999226566287,1.8806258756113676
hung_yen,Hưng Yên,lstm,7,9.078880754577419,12.937984780720937,1.365531634112648
hung_yen,Hưng Yên,lstm,8,10.136139015805565,14.463862453638148,0.7730926047985487
hung_yen,Hưng Yên,lstm,9,11.122552860364335,15.979471931352103,0.2608740190830299
hung_yen,Hưng Yên,lstm,10,12.064112046007782,17.201236627730793,0.2659719151917592
hung_yen,Hưng Yên,lstm,11,12.879926027592052,18.241794138832354,0.36342297288287595
hung_yen,Hưng Yên,lstm,12,13.7957994489031,19.43310174402118,0.34848339671990347
hung_yen,Hưng Yên,mamba,1,4.30371513472537,6.13049609247784,0.4029935579001313
hung_yen,Hưng Yên,mamba,2,4.5475416875197405,6.7953559777186205,0.9388927288864323
hung_yen,Hưng Yên,mamba,3,5.118724827533954,7.636805912973961,1.6447287131244117
hung_yen,Hưng Yên,mamba,4,5.767386984929082,8.39111178151891,2.14448459971485
hung_yen,Hưng Yên,mamba,5,6.340374106317581,9.147427047047662,1.9993752726382128
hung_yen,Hưng Yên,mamba,6,7.158779424001336,10.282834169045712,1.8086746614980074
hung_yen,Hưng Yên,mamba,7,8.19009792223555,11.769807258696702,1.5169470866804693
hung_yen,Hưng Yên,mamba,8,9.389926570207413,13.527608160788684,1.3584993977042072
hung_yen,Hưng Yên,mamba,9,10.653419334360214,15.2832013368979,0.9934680710413415
hung_yen,Hưng Yên,mamba,10,11.823327317390941,16.870928716505578,0.5457940390787567
hung_yen,Hưng Yên,mamba,11,12.925269820507774,18.34137595250124,0.2024997011140089
hung_yen,Hưng Yên,mamba,12,14.020102892137453,19.704906009623116,0.04630750065704113
hung_yen,Hưng Yên,transformer,1,6.147302513409833,8.321473240521204,-0.615476912938079
hung_yen,Hưng Yên,transformer,2,6.093275653054399,8.702208276451149,0.2697424780883063
hung_yen,Hưng Yên,transformer,3,6.5142332720369085,9.300540611168637,0.9763467450771264
hung_yen,Hưng Yên,transformer,4,6.7096475426563895,9.555396988944787,1.7955965336192188
hung_yen,Hưng Yên,transformer,5,7.118346678090861,10.032336311431735,1.932735453699016
hung_yen,Hưng Yên,transformer,6,8.157252507884493,11.168622129249208,2.9906183183075083
hung_yen,Hưng Yên,transformer,7,9.211260123901125,12.62830986616575,2.8472854305816178
hung_yen,Hưng Yên,transformer,8,10.722078345287805,14.784198563559682,2.8557716517801848
hung_yen,Hưng Yên,transformer,9,12.238911638172949,16.776565631862066,3.237722801302238
hung_yen,Hưng Yên,transformer,10,13.494864954818018,18.341302562676717,3.1568782653687637
hung_yen,Hưng Yên,transformer,11,14.331597284716933,19.462533722140876,2.9098541949223393
hung_yen,Hưng Yên,transformer,12,15.162445658027204,20.511431036319674,3.088706764587088
khanh_hoa,Khánh Hòa,lstm,1,3.1091649346156958,4.311747547002314,-0.751674903086429
khanh_hoa,Khánh Hòa,lstm,2,3.1282195334296543,4.435046964149303,-0.504378251882002
khanh_hoa,Khánh Hòa,lstm,3,3.3910483935972646,4.983357027280038,-0.3155510804504806
khanh_hoa,Khánh Hòa,lstm,4,3.7482839970658612,5.711513184840854,-0.07064061537178272
khanh_hoa,Khánh Hòa,lstm,5,4.041789337230778,6.510477184446276,-0.11111684701672352
khanh_hoa,Khánh Hòa,lstm,6,4.458087416145001,7.659196456739882,-0.10505634992783192
khanh_hoa,Khánh Hòa,lstm,7,4.985770389951509,9.007920692220281,-0.3726164326042209
khanh_hoa,Khánh Hòa,lstm,8,5.427337369038101,10.009314106242027,-0.7042051059028906
khanh_hoa,Khánh Hòa,lstm,9,5.656636177997385,10.725145771081438,-0.5526075208182378
khanh_hoa,Khánh Hòa,lstm,10,5.996273892009915,11.351813371065836,-0.7698782589338244
khanh_hoa,Khánh Hòa,lstm,11,6.181870976469605,11.653536661329262,-1.0374300938204457
khanh_hoa,Khánh Hòa,lstm,12,6.454735617197273,11.854618341043965,-1.2771177575364265
khanh_hoa,Khánh Hòa,mamba,1,2.088591296286324,3.1779237601569177,0.3510985365000879
khanh_hoa,Khánh Hòa,mamba,2,2.255301484218723,3.430183298470703,0.10886115589361081
khanh_hoa,Khánh Hòa,mamba,3,2.535491568391114,3.863632070122576,-0.03326018216635469
khanh_hoa,Khánh Hòa,mamba,4,3.0079535046976993,4.890878115031104,0.17923481503130187
khanh_hoa,Khánh Hòa,mamba,5,3.6062918567392876,6.388374515114994,0.2006809326849237
khanh_hoa,Khánh Hòa,mamba,6,4.237478001458844,7.97590858404886,0.0913170305358669
khanh_hoa,Khánh Hòa,mamba,7,5.0737945777388065,9.876288187544759,0.1854799991083013
khanh_hoa,Khánh Hòa,mamba,8,5.967259570714079,11.712585536850563,0.45051769448611834
khanh_hoa,Khánh Hòa,mamba,9,6.9153410714626125,13.573892147513769,0.8345657852118421
khanh_hoa,Khánh Hòa,mamba,10,7.603747402256177,14.670918308492466,0.8637988921719981
khanh_hoa,Khánh Hòa,mamba,11,8.105940779097441,15.359240809393038,0.8588770376138162
khanh_hoa,Khánh Hòa,mamba,12,8.325736477882485,15.536903945622239,0.7929623377403474
khanh_hoa,Khánh Hòa,transformer,1,2.9455460719631343,4.226971124452071,-1.5630730543163056
khanh_hoa,Khánh Hòa,transformer,2,2.9921395721012196,4.529630097886594,-1.5082949253948634
khanh_hoa,Khánh Hòa,transformer,3,3.086517297697124,5.001389396355438,-1.579703924819396
khanh_hoa,Khánh Hòa,transformer,4,3.264939031854207,5.436251329322262,-1.4736475451239224
khanh_hoa,Khánh Hòa,transformer,5,3.5090024390959615,5.99517903518304,-1.3319743228629615
khanh_hoa,Khánh Hòa,transformer,6,4.122972348546207,7.200461083376871,-1.29098043997421
khanh_hoa,Khánh Hòa,transformer,7,4.7254068538682406,8.551412964460575,-1.0480117737372812
khanh_hoa,Khánh Hòa,transformer,8,5.414231031601551,10.065800525405916,-0.8165533449079988
khanh_hoa,Khánh Hòa,transformer,9,6.069232496155003,11.268827794240174,-0.7916168971898959
khanh_hoa,Khánh Hòa,transformer,10,6.4329887371993095,11.827038154419707,-0.8996240613576774
khanh_hoa,Khánh Hòa,transformer,11,6.586321296646536,11.922705376104505,-1.1506910365675822
khanh_hoa,Khánh Hòa,transformer,12,6.774261210014836,12.043256908453367,-1.4203268150181416
lai_chau,Lai Châu,lstm,1,4.232366426568442,6.067627304219299,-0.18702328682323793
lai_chau,Lai Châu,lstm,2,4.339031178659265,6.175220672492088,-0.0016154464255993288
lai_chau,Lai Châu,lstm,3,4.351675729074981,6.157357701516236,-0.1241168537359128
lai_chau,Lai Châu,lstm,4,4.577017051191779,6.364388764846414,0.014811067131366045
lai_chau,Lai Châu,lstm,5,4.656745801026794,6.4923092441878545,-0.01586110829078532
lai_chau,Lai Châu,lstm,6,4.912244629680378,6.79445582967995,0.19751769741328992
lai_chau,Lai Châu,lstm,7,5.177403001335468,7.148675852290177,0.06232497298051288
lai_chau,Lai Châu,lstm,8,5.616654874973245,7.695422321446825,-0.06844094344844813
lai_chau,Lai Châu,lstm,9,5.838788454749023,8.007585570991262,0.10193787800429409
lai_chau,Lai Châu,lstm,10,6.394020247638958,8.723504672821525,-0.29574145960798354
lai_chau,Lai Châu,lstm,11,6.908279174006368,9.397487344902869,-0.29540313920283007
lai_chau,Lai Châu,lstm,12,7.338398016779563,10.00904611097407,-0.02012546053964657
lai_chau,Lai Châu,mamba,1,4.7499962593892056,9.140852771853966,1.4861999115582927
lai_chau,Lai Châu,mamba,2,4.624695248325996,8.53950221243704,1.4054458934165541
lai_chau,Lai Châu,mamba,3,4.719244600523572,8.228863968518036,1.4262257332939785
lai_chau,Lai Châu,mamba,4,4.837378416843845,8.155064116668779,1.2102951808813023
lai_chau,Lai Châu,mamba,5,5.034907954484756,8.240033999757232,1.1020460669313024
lai_chau,Lai Châu,mamba,6,5.322715926349895,8.495744814833692,1.0459759175848309
lai_chau,Lai Châu,mamba,7,5.6526856560391465,8.86777596469631,0.9677969546626117
lai_chau,Lai Châu,mamba,8,6.1058923530049425,9.459385837609076,1.0670728294139715
lai_chau,Lai Châu,mamba,9,6.687288576111735,10.19849971290188,1.1145270268594845
lai_chau,Lai Châu,mamba,10,7.332173093084395,11.118987590540588,1.3082672955259367
lai_chau,Lai Châu,mamba,11,8.001390829097643,12.092771513192233,1.3536718438836823
lai_chau,Lai Châu,mamba,12,8.648304407434997,13.030905509132781,1.3650514827188498
lai_chau,Lai Châu,transformer,1,4.745785087618713,6.378085591613715,1.0136575112964632
lai_chau,Lai Châu,transformer,2,4.5146436264153,6.173855447537704,1.1318119939621885
lai_chau,Lai Châu,transformer,3,4.485500639599087,6.234248564615312,1.4714464058348737
lai_chau,Lai Châu,transformer,4,4.626118415412193,6.520667741850266,1.7630762530374848
lai_chau,Lai Châu,transformer,5,4.529112538788652,6.315025258810246,1.677636192282466
lai_chau,Lai Châu,transformer,6,4.672646198582659,6.481505396344115,1.627037151909706
lai_chau,Lai Châu,transformer,7,4.934840988177323,6.738995466567127,1.875371941299227
lai_chau,Lai Châu,transformer,8,5.243013010769669,7.105903508781265,1.897658237331782
lai_chau,Lai Châu,transformer,9,5.493219225925441,7.321222578046249,1.5148180040441899
lai_chau,Lai Châu,transformer,10,5.896700791409221,7.850571013544109,1.5562882478209747
lai_chau,Lai Châu,transformer,11,6.345495708585021,8.497756174684039,1.5183500364759448
lai_chau,Lai Châu,transformer,12,6.952035516110668,9.281523611428465,2.0677432960997106
lam_dong,Lâm Đồng,lstm,1,3.753650737857705,6.719797065541298,-1.2585346299034237
lam_dong,Lâm Đồng,lstm,2,3.7910743823752626,6.767615239870909,-1.1533681398528557
lam_dong,Lâm Đồng,lstm,3,3.8141540144815647,6.700281972243136,-0.950941265739716
lam_dong,Lâm Đồng,lstm,4,3.885526871804061,6.7546336253442005,-0.9901608865127836
lam_dong,Lâm Đồng,lstm,5,4.104057400461893,6.999291914956294,-1.101705836909563
lam_dong,Lâm Đồng,lstm,6,4.364546433734931,7.277729080137828,-1.1185930337501433
lam_dong,Lâm Đồng,lstm,7,4.593184752734559,7.525631232768352,-1.1179782574109696
lam_dong,Lâm Đồng,lstm,8,4.896773127020232,7.8690375799859105,-1.3112891677632674
lam_dong,Lâm Đồng,lstm,9,5.219492563405681,8.238960206440497,-1.5089842856426443
lam_dong,Lâm Đồng,lstm,10,5.5398754810842785,8.601973371680097,-1.5516282987651304
lam_dong,Lâm Đồng,lstm,11,5.796240979322024,8.86741531366985,-1.6449485465831053
lam_dong,Lâm Đồng,lstm,12,6.1095971490389,9.230093100492887,-1.9250222552734568
lam_dong,Lâm Đồng,mamba,1,4.262040319427587,11.474320621085853,-2.598752550176672
lam_dong,Lâm Đồng,mamba,2,4.4782001953246295,11.497796140687372,-2.630281833472805
lam_dong,Lâm Đồng,mamba,3,4.890857286407762,11.724379688842973,-2.8446245913664754
lam_dong,Lâm Đồng,mamba,4,5.423278733543069,12.078988638571229,-3.0334480957310226
lam_dong,Lâm Đồng,mamba,5,6.0885132659220735,12.767871072073085,-3.353435949225494
lam_dong,Lâm Đồng,mamba,6,6.699945561267993,13.450810858302196,-3.6505810740642213
lam_dong,Lâm Đồng,mamba,7,7.342485349015325,14.209926466252819,-3.9783041079207333
lam_dong,Lâm Đồng,mamba,8,7.904677266725865,14.855251566197666,-4.289965891875978
lam_dong,Lâm Đồng,mamba,9,8.372582982189137,15.344111757266067,-4.5070795133496695
lam_dong,Lâm Đồng,mamba,10,8.846529478488552,15.842931894959937,-4.822242303190246
lam_dong,Lâm Đồng,mamba,11,9.285688571596372,16.28756187605301,-5.08906481034805
lam_dong,Lâm Đồng,mamba,12,9.700057730197148,16.741998246142206,-5.322163853243538
lam_dong,Lâm Đồng,transformer,1,3.0229309224156315,5.130375302805111,-0.7736433031442758
lam_dong,Lâm Đồng,transformer,2,3.257980753399293,5.689537473241712,-0.7634209138837732
lam_dong,Lâm Đồng,transformer,3,3.460555371811028,6.1131798690528445,-0.8693898647397555
lam_dong,Lâm Đồng,transformer,4,3.650710045039252,6.400999826335442,-0.915009861846694
lam_dong,Lâm Đồng,transformer,5,3.7749096027121767,6.518376263543263,-0.9042925447213759
lam_dong,Lâm Đồng,transformer,6,3.9035894376533258,6.611514889162951,-0.9905025975079561
lam_dong,Lâm Đồng,transformer,7,4.204846394614856,6.945670247160814,-1.0369001774857831
lam_dong,Lâm Đồng,transformer,8,4.504204725491542,7.351925423644711,-1.1936307030918576
lam_dong,Lâm Đồng,transformer,9,4.800841694732436,7.673716916518276,-1.3002410061624945
lam_dong,Lâm Đồng,transformer,10,4.998252189022371,7.876319546754594,-1.398185116877123
lam_dong,Lâm Đồng,transformer,11,5.245458417689096,8.134943120209627,-1.3937616170610267
lam_dong,Lâm Đồng,transformer,12,5.6515730450751525,8.652838426921816,-1.7174216205054127
lang_son,Lạng Sơn,lstm,1,7.38353352011833,11.361494095920492,-1.123030904073636
lang_son,Lạng Sơn,lstm,2,7.243630612222534,11.094991056738237,-0.8192130068772566
lang_son,Lạng Sơn,lstm,3,7.667092140732991,11.730324034297638,-0.7332302551632404
lang_son,Lạng Sơn,lstm,4,7.711154057778303,11.650790298301676,-0.26718510836776266
lang_son,Lạng Sơn,lstm,5,8.34320108577745,12.532869234842778,-0.2900185481074118
lang_son,Lạng Sơn,lstm,6,9.33494349391603,13.959289854522314,0.008067026338641509
lang_son,Lạng Sơn,lstm,7,10.542490276891563,15.984259905043917,-0.3438310702547307
lang_son,Lạng Sơn,lstm,8,12.165961850317895,18.673297628506724,-0.4108026227070329
lang_son,Lạng Sơn,lstm,9,13.36813649628496,20.69776122244852,-1.1326953708015166
lang_son,Lạng Sơn,lstm,10,14.74203243852843,22.656193616280763,-1.0117148188811373
lang_son,Lạng Sơn,lstm,11,15.883705896656522,24.20209678335738,-1.347351242047286
lang_son,Lạng Sơn,lstm,12,16.82334876013237,25.1850140804158,-1.406469549964545
lang_son,Lạng Sơn,mamba,1,6.498148488374726,14.999937836568826,1.1380402107253889
lang_son,Lạng Sơn,mamba,2,6.93894865510013,15.229754904055381,1.5704298393621456
lang_son,Lạng Sơn,mamba,3,7.611676351068703,15.399372473412559,1.9704679669816012
lang_son,Lạng Sơn,mamba,4,8.360832658874294,15.659602510584698,2.3829462789988356
lang_son,Lạng Sơn,mamba,5,9.289314350153877,16.245631403575903,2.4932247121042077
lang_son,Lạng Sơn,mamba,6,10.552022258865895,17.468129779478506,2.2014984330439256
lang_son,Lạng Sơn,mamba,7,11.98964730473298,19.152707770309345,1.7036748546671405
lang_son,Lạng Sơn,mamba,8,13.401748740384846,21.160538855938672,1.076283124151846
lang_son,Lạng Sơn,mamba,9,14.896250889219086,23.321697905787104,0.599301908586028
lang_son,Lạng Sơn,mamba,10,16.339677419825012,25.533977314055672,0.22233300165576297
lang_son,Lạng Sơn,mamba,11,17.434261371916456,27.15807515782587,-0.041615610504452775
lang_son,Lạng Sơn,mamba,12,18.389375010039473,28.39008423988872,-0.08117151430472473
lang_son,Lạng Sơn,transformer,1,7.356051972306441,10.191044830416665,-2.060915267708469
lang_son,Lạng Sơn,transformer,2,7.37460716178008,10.536570282268066,-1.5092041448048075
lang_son,Lạng Sơn,transformer,3,7.534440733448078,10.897488994542252,-0.6895261334371245
lang_son,Lạng Sơn,transformer,4,7.924832704281741,11.603378116283551,-0.1500957608459207
lang_son,Lạng Sơn,transformer,5,8.610318199396605,12.743916247840477,0.5377580065884101
lang_son,Lạng Sơn,transformer,6,9.18026429643907,14.103836697414721,0.8333047223478568
lang_son,Lạng Sơn,transformer,7,10.084532691994877,15.819001882062786,1.0306963124919684
lang_son,Lạng Sơn,transformer,8,11.189256546377333,17.85661479606857,0.7155976554395848
lang_son,Lạng Sơn,transformer,9,12.796746744223167,20.2547511265881,0.6909672423010065
lang_son,Lạng Sơn,transformer,10,14.19690919952453,22.380034755290044,-0.09559638907500222
lang_son,Lạng Sơn,transformer,11,15.363601295994332,23.854856302731566,-0.5114769786300992
lang_son,Lạng Sơn,transformer,12,16.357187367128184,25.007009446356236,-1.514710907514635
lao_cai,Lào Cai,lstm,1,5.475095559149284,7.622303767126637,-0.48158783823830525
lao_cai,Lào Cai,lstm,2,5.28690330121331,7.3016906894740545,-0.24850094190817526
lao_cai,Lào Cai,lstm,3,5.358873877599038,7.495709460309882,0.2215889315731791
lao_cai,Lào Cai,lstm,4,5.642374685062948,7.889196388584528,0.20058522354833577
lao_cai,Lào Cai,lstm,5,6.076252322323588,8.5009316967929,0.09140443291590417
lao_cai,Lào Cai,lstm,6,6.8150580319628755,9.560661750276095,0.4272437910215277
lao_cai,Lào Cai,lstm,7,7.879718410085224,11.01494485313589,-0.11023333258823509
lao_cai,Lào Cai,lstm,8,8.994578775412688,12.528512274711955,-0.33783924527646436
lao_cai,Lào Cai,lstm,9,9.799371405626827,13.798066290541488,-0.8377438249259159
lao_cai,Lào Cai,lstm,10,10.594601090257715,14.770844313435594,-0.604933401161463
lao_cai,Lào Cai,lstm,11,11.470772739067183,15.803911039226211,-1.1375682103553557
lao_cai,Lào Cai,lstm,12,12.303289409672226,16.896328584175404,-1.4945488354066416
lao_cai,Lào Cai,mamba,1,3.952179020092783,5.443395252010938,-0.7187854239168594
lao_cai,Lào Cai,mamba,2,4.206289878781712,5.967493163428948,-0.4740148280472969
lao_cai,Lào Cai,mamba,3,4.670421845280742,6.698886037958219,-0.46306726377822083
lao_cai,Lào Cai,mamba,4,5.197077897442648,7.5574014445426485,-0.42467698510374474
lao_cai,Lào Cai,mamba,5,5.840211289958069,8.50699540844084,-0.3390867420004513
lao_cai,Lào Cai,mamba,6,6.719256077122698,9.710760924366095,-0.32753810512136006
lao_cai,Lào Cai,mamba,7,7.657077745459546,11.092327468783704,0.1387207750947146
lao_cai,Lào Cai,mamba,8,8.679901464751822,12.697345932804199,0.3168863484748904
lao_cai,Lào Cai,mamba,9,9.576998879594838,14.020202436904105,0.31142854331459163
lao_cai,Lào Cai,mamba,10,10.37627578566011,15.14699397780787,0.36244593713664364
lao_cai,Lào Cai,mamba,11,11.010665399140892,15.906539848805743,0.395591177923359
lao_cai,Lào Cai,mamba,12,11.630089937105001,16.668131132122824,0.30830103586554475
lao_cai,Lào Cai,transformer,1,5.875683167979588,8.319503049004803,0.5872121501715468
lao_cai,Lào Cai,transformer,2,5.70794561161581,8.108192074398,0.5283606261239371
lao_cai,Lào Cai,transformer,3,5.760932765118527,8.164612232841463,0.6690679240973281
lao_cai,Lào Cai,transformer,4,6.009238737138831,8.627013057777512,0.6201632239258199
lao_cai,Lào Cai,transformer,5,6.529818954800406,9.426259145887336,0.7063727059441808
lao_cai,Lào Cai,transformer,6,7.132724597158292,10.286989013020431,0.6333509272070003
lao_cai,Lào Cai,transformer,7,7.973174870415807,11.457250440049027,0.5761796374477851
lao_cai,Lào Cai,transformer,8,8.828619152224825,12.550276197237705,0.8186194563119883
lao_cai,Lào Cai,transformer,9,9.6305410813775,13.574392183397451,0.6325021381657888
lao_cai,Lào Cai,transformer,10,10.38198082493356,14.510791700655465,0.33203573298747224
lao_cai,Lào Cai,transformer,11,11.035213211912321,15.291584571346867,0.18228046297790793
lao_cai,Lào Cai,transformer,12,11.766342344522192,16.18551249072633,-0.0654682336324177
nghe_an,Nghệ An,lstm,1,5.267930159718094,7.1978726652263365,2.422811673739294
nghe_an,Nghệ An,lstm,2,5.209893432629284,7.127935183561096,2.5893048314031417
nghe_an,Nghệ An,lstm,3,5.175233441026637,7.038806238181525,2.24216520904408
nghe_an,Nghệ An,lstm,4,5.389754561077637,7.279901432436573,2.3081334084213325
nghe_an,Nghệ An,lstm,5,5.69859557996607,7.735658131010782,2.1798032654026316
nghe_an,Nghệ An,lstm,6,6.3773782104903445,8.737327698207592,2.2503821486005506
nghe_an,Nghệ An,lstm,7,7.414194434396908,10.2122132713086,2.92424760259809
nghe_an,Nghệ An,lstm,8,8.637603724990342,12.078223729077267,3.6486800727133613
nghe_an,Nghệ An,lstm,9,9.778484394377392,13.795608984161007,4.371024489733514
nghe_an,Nghệ An,lstm,10,10.82411562465648,15.430647673485176,5.122645293064548
nghe_an,Nghệ An,lstm,11,11.730631861193427,16.656105662199174,5.738874752182267
nghe_an,Nghệ An,lstm,12,12.549175847583095,17.587467810502808,6.378748403481912
nghe_an,Nghệ An,mamba,1,3.1772502682958383,4.565420019632306,0.46587733035516604
nghe_an,Nghệ An,mamba,2,3.303893976442123,4.931872469405278,0.6283102500452865
nghe_an,Nghệ An,mamba,3,3.6419014569742547,5.368548952976649,0.8333299087240164
nghe_an,Nghệ An,mamba,4,3.9527886655658566,5.730056317586263,0.9764061019480158
nghe_an,Nghệ An,mamba,5,4.438787787668392,6.273136547495682,1.0740566019306947
nghe_an,Nghệ An,mamba,6,5.15144640408099,7.19473981650785,1.2539524633261687
nghe_an,Nghệ An,mamba,7,6.021316960743388,8.479471885905108,1.3022252134609638
nghe_an,Nghệ An,mamba,8,7.000408632245935,9.96706430318269,1.502928349407618
nghe_an,Nghệ An,mamba,9,8.025845275528129,11.439835065148177,1.850475317327172
nghe_an,Nghệ An,mamba,10,8.99433078531514,12.706066376608769,2.1334254763403253
nghe_an,Nghệ An,mamba,11,9.90473299181466,13.719170003376613,2.4993347866498334
nghe_an,Nghệ An,mamba,12,10.604493891488831,14.54536074431081,2.6911762538430617
nghe_an,Nghệ An,transformer,1,4.648237100632191,6.514619785492668,-0.041652886583084074
nghe_an,Nghệ An,transformer,2,4.646336619361638,6.484900462511799,0.2818022496257091
nghe_an,Nghệ An,transformer,3,4.612888377004798,6.4203542733647625,0.29166166507389824
nghe_an,Nghệ An,transformer,4,4.697040925269745,6.582619512946365,0.6140070978346865
nghe_an,Nghệ An,transformer,5,5.034095248578797,7.026238843619324,0.8801463501726499
nghe_an,Nghệ An,transformer,6,5.772032820512225,8.16270360212747,1.235876448514487
nghe_an,Nghệ An,transformer,7,6.767571550959686,9.610079639161711,1.6431645965273778
nghe_an,Nghệ An,transformer,8,7.966868924848909,11.31192481987729,2.7121419630681904
nghe_an,Nghệ An,transformer,9,9.078569272374333,12.79482611308827,3.2279156772947672
nghe_an,Nghệ An,transformer,10,10.020734932892294,13.90746031571971,3.4332693283679796
nghe_an,Nghệ An,transformer,11,10.801115945459971,14.797766014353016,3.732229168529412
nghe_an,Nghệ An,transformer,12,11.426278259845844,15.537779054273681,3.564661766109701
ninh_binh,Ninh Bình,lstm,1,5.949526698732017,8.726229141519719,1.7652235057587384
ninh_binh,Ninh Bình,lstm,2,5.640423790216919,8.71028460217057,0.8496349333204828
ninh_binh,Ninh Bình,lstm,3,5.77708504911552,8.912019813422344,0.8275677397097098
ninh_binh,Ninh Bình,lstm,4,5.757275519747135,9.060909278716974,0.015015339407238565
ninh_binh,Ninh Bình,lstm,5,6.332684914932523,10.045440513286945,-0.3866616263070184
ninh_binh,Ninh Bình,lstm,6,7.143398620569181,11.198020913253973,-0.31936481459198424
ninh_binh,Ninh Bình,lstm,7,8.018546590907112,12.711880708805992,-0.6534878643457728
ninh_binh,Ninh Bình,lstm,8,8.991690781964133,14.177746307355903,-0.9778028254560001
ninh_binh,Ninh Bình,lstm,9,10.033767172518203,15.402781187383235,-0.6107013579923106
ninh_binh,Ninh Bình,lstm,10,10.745765276291614,16.503997337343048,-1.0148753643602877
ninh_binh,Ninh Bình,lstm,11,11.82348880926579,17.709660671163604,-0.3257882567657822
ninh_binh,Ninh Bình,lstm,12,12.680163525230961,18.94183075235445,-0.4534526224699561
ninh_binh,Ninh Bình,mamba,1,4.212997338245466,5.959021051664602,1.3226038630028543
ninh_binh,Ninh Bình,mamba,2,4.858242542933624,7.157738685382804,1.7601900724395134
ninh_binh,Ninh Bình,mamba,3,5.608152759202738,8.275975895835412,2.201702453576994
ninh_binh,Ninh Bình,mamba,4,6.420068455838609,8.986010208973058,2.893003137915842
ninh_binh,Ninh Bình,mamba,5,6.878823389574218,9.364041002487532,3.207326774884442
ninh_binh,Ninh Bình,mamba,6,7.689024158285763,10.241418774752168,3.63782478843565
ninh_binh,Ninh Bình,mamba,7,8.756289525585801,11.578183788974707,4.108475331696924
ninh_binh,Ninh Bình,mamba,8,10.168851466108965,13.41463867293268,4.576902130223719
ninh_binh,Ninh Bình,mamba,9,11.572575752479048,15.310531327287393,4.719658407482702
ninh_binh,Ninh Bình,mamba,10,12.80778978024973,17.0239996129006,4.769525128038356
ninh_binh,Ninh Bình,mamba,11,13.798295895353084,18.42714420148741,4.723787681951534
ninh_binh,Ninh Bình,mamba,12,14.710429891252915,19.759403999949974,4.683431003191052
ninh_binh,Ninh Bình,transformer,1,5.786288619372186,7.981534637623889,-0.33874603797649516
ninh_binh,Ninh Bình,transformer,2,6.037954387143166,9.051227595511266,0.4596913655598958
ninh_binh,Ninh Bình,transformer,3,6.445178693785726,9.94119763669621,1.0366753401663678
ninh_binh,Ninh Bình,transformer,4,6.7713645832244715,10.174064425002376,1.762080731960785
ninh_binh,Ninh Bình,transformer,5,7.060789865016749,10.391388412105679,2.028846303763675
ninh_binh,Ninh Bình,transformer,6,7.843678477828199,10.934391318637246,2.8221952428526693
ninh_binh,Ninh Bình,transformer,7,8.846574808272681,12.1498199546247,3.0753198170822573
ninh_binh,Ninh Bình,transformer,8,10.308409695014848,14.360737894270175,3.1626667441520433
ninh_binh,Ninh Bình,transformer,9,11.627726853862434,16.1006336919487,3.4145343491731537
ninh_binh,Ninh Bình,transformer,10,12.756157627476146,17.54574757144899,3.359300794083591
ninh_binh,Ninh Bình,transformer,11,13.606762457026218,18.63295026114339,3.2727380209010697
ninh_binh,Ninh Bình,transformer,12,14.641243886626338,19.922895697460323,3.5823880761471996
phu_tho,Phú Thọ,lstm,1,6.14085394080272,9.123766656309233,-1.4482994442462354
phu_tho,Phú Thọ,lstm,2,6.005513442587956,8.748958768894344,-1.1257521258523149
phu_tho,Phú Thọ,lstm,3,6.016997592486042,8.769624082626574,-0.9581329218697746
phu_tho,Phú Thọ,lstm,4,6.1954696585722875,9.032160457607851,-0.6284258022603183
phu_tho,Phú Thọ,lstm,5,6.616845280983313,9.61797188404985,-0.04475101647847613
phu_tho,Phú Thọ,lstm,6,7.487157884401978,10.812531847991004,0.23238739303969883
phu_tho,Phú Thọ,lstm,7,8.676319185817142,12.359964977863777,1.1053455714143745
phu_tho,Phú Thọ,lstm,8,9.77315110740707,13.873513792576459,1.0647330251989315
phu_tho,Phú Thọ,lstm,9,10.76709137235045,15.242206328071799,1.5040477445755882
phu_tho,Phú Thọ,lstm,10,11.609232345744347,16.388378941704758,1.9112296661969645
phu_tho,Phú Thọ,lstm,11,12.131769920406576,17.112023263971718,1.8532925597080105
phu_tho,Phú Thọ,lstm,12,12.954330330938278,18.172668323107118,2.405961532985885
phu_tho,Phú Thọ,mamba,1,7.783738110189351,20.412875450405156,-5.0595621792204275
phu_tho,Phú Thọ,mamba,2,7.823541967323119,19.72038007782677,-4.650614186536221
phu_tho,Phú Thọ,mamba,3,8.058461848633103,18.96536236211794,-4.434199248831786
phu_tho,Phú Thọ,mamba,4,8.362841173752297,18.198063810332393,-4.153538325248092
phu_tho,Phú Thọ,mamba,5,8.824289614697479,17.74340896508632,-3.9142247419043317
phu_tho,Phú Thọ,mamba,6,9.57105708926124,17.936192464772677,-3.657096800753069
phu_tho,Phú Thọ,mamba,7,10.395396688446928,18.23911989569063,-3.315587731875488
phu_tho,Phú Thọ,mamba,8,11.426186651996279,19.086332976965732,-2.983396173800234
phu_tho,Phú Thọ,mamba,9,12.814099243357749,20.403246485362907,-2.9581323886191924
phu_tho,Phú Thọ,mamba,10,14.098932746666284,21.602003879343144,-2.6716464086923746
phu_tho,Phú Thọ,mamba,11,15.351410629351145,22.9378905702178,-2.4552827749589
phu_tho,Phú Thọ,mamba,12,16.242388058351835,23.877916117382217,-2.104094744768941
phu_tho,Phú Thọ,transformer,1,6.155377081448815,9.26997394138255,-0.6991312569018352
phu_tho,Phú Thọ,transformer,2,6.189167526190686,9.28341523349085,-0.16286118938674352
phu_tho,Phú Thọ,transformer,3,6.428446607555703,9.598911345022731,0.5990244804560737
phu_tho,Phú Thọ,transformer,4,6.840670768202556,9.979600254966128,1.1823404926749104
phu_tho,Phú Thọ,transformer,5,7.3604704017351885,10.617651328114796,1.5929850662600367
phu_tho,Phú Thọ,transformer,6,8.000035779229526,11.524681364436857,2.0581135214957933
phu_tho,Phú Thọ,transformer,7,8.800623433721288,12.751856131001741,2.249122468432027
phu_tho,Phú Thọ,transformer,8,9.734730113086556,14.185812210399916,2.6117525648796693
phu_tho,Phú Thọ,transformer,9,10.616629503380908,15.44716359180166,2.68784270435867
phu_tho,Phú Thọ,transformer,10,11.468832264710077,16.53042022767803,2.838791094646537
phu_tho,Phú Thọ,transformer,11,12.006354541755885,17.242788330033914,2.6612345831194806
phu_tho,Phú Thọ,transformer,12,12.765755157833576,18.152697885746676,2.760638752202878
quang_ngai,Quảng Ngãi,lstm,1,7.458755780438133,13.356568112349693,-0.44373302482396326
quang_ngai,Quảng Ngãi,lstm,2,7.7170043972527935,14.039135369115991,-0.5573233348530434
quang_ngai,Quảng Ngãi,lstm,3,8.004313285606889,14.773011538185528,-0.6851694860772107
quang_ngai,Quảng Ngãi,lstm,4,8.245761863778046,15.226331723419218,-0.5211541126325308
quang_ngai,Quảng Ngãi,lstm,5,8.396382088799161,15.649566385406343,-0.43725416748192025
quang_ngai,Quảng Ngãi,lstm,6,8.801092435857203,16.276014762590904,-0.17048247825329238
quang_ngai,Quảng Ngãi,lstm,7,9.341015604437224,17.383666669779416,-0.3224766746759888
quang_ngai,Quảng Ngãi,lstm,8,9.943505647396975,18.384893500631804,0.04867123858209549
quang_ngai,Quảng Ngãi,lstm,9,10.381620400300633,19.254871602321558,-0.3192038125950242
quang_ngai,Quảng Ngãi,lstm,10,10.83831000129618,19.903302102644567,-0.5578699297154653
quang_ngai,Quảng Ngãi,lstm,11,11.207561603293644,20.354305866613256,-0.8979941756301015
quang_ngai,Quảng Ngãi,lstm,12,11.473565572223823,20.55549962956606,-1.2676005626168934
quang_ngai,Quảng Ngãi,mamba,1,3.361308873101354,5.044928540245721,0.921005274726907
quang_ngai,Quảng Ngãi,mamba,2,3.5848577773811985,5.414360149239902,0.7729513067789037
quang_ngai,Quảng Ngãi,mamba,3,3.981141210216593,6.142846883233502,0.6723621714649057
quang_ngai,Quảng Ngãi,mamba,4,4.594445546468099,7.321046777944551,0.6729321065895906
quang_ngai,Quảng Ngãi,mamba,5,5.276207919731246,8.71603885550697,0.6904733138475634
quang_ngai,Quảng Ngãi,mamba,6,6.055838053820864,10.161384065177815,0.5124359191338127
quang_ngai,Quảng Ngãi,mamba,7,6.9715402174506265,11.734873684984338,0.2704611773345379
quang_ngai,Quảng Ngãi,mamba,8,8.003382110898096,13.568830777840237,-0.045471406105818624
quang_ngai,Quảng Ngãi,mamba,9,9.018560302952098,15.53079527858932,-0.46260099225794565
quang_ngai,Quảng Ngãi,mamba,10,10.00279981240459,17.41747603451667,-1.0276821074483888
quang_ngai,Quảng Ngãi,mamba,11,10.771070139397716,18.986868043554267,-1.591689547895204
quang_ngai,Quảng Ngãi,mamba,12,11.352794356918789,19.936947336568718,-1.7608507907064577
quang_ngai,Quảng Ngãi,transformer,1,4.2853974120464775,6.099102597548788,-1.132540490766201
quang_ngai,Quảng Ngãi,transformer,2,4.51033871106765,6.6802554158082605,-1.3287718036181388
quang_ngai,Quảng Ngãi,transformer,3,4.670627327887633,7.160254459511133,-0.9072475531627581
quang_ngai,Quảng Ngãi,transformer,4,4.731741789924782,7.296675105631156,-0.6423525165765
quang_ngai,Quảng Ngãi,transformer,5,4.762353695246893,7.374733735742862,0.08160246774595596
quang_ngai,Quảng Ngãi,transformer,6,5.466672922286352,8.765019589801398,0.7226770108435016
quang_ngai,Quảng Ngãi,transformer,7,6.4588410993251735,10.845778234903264,1.307114323310988
quang_ngai,Quảng Ngãi,transformer,8,7.726143556126894,13.32899518687893,1.7661496607311369
quang_ngai,Quảng Ngãi,transformer,9,9.023771292814601,15.80527873354332,2.2887156014398973
quang_ngai,Quảng Ngãi,transformer,10,9.770963770881135,17.271117510735507,1.6334226429108065
quang_ngai,Quảng Ngãi,transformer,11,10.343141376617831,18.30967983974966,1.3453904060064399
quang_ngai,Quảng Ngãi,transformer,12,10.788135930748153,18.84614695533595,0.3921829734678265
quang_ninh,Quảng Ninh,lstm,1,4.625989423306557,6.343298986002887,1.053117027086159
quang_ninh,Quảng Ninh,lstm,2,4.931426372974107,6.942296988607204,1.53542393500305
quang_ninh,Quảng Ninh,lstm,3,5.633443101360549,8.09528420972391,1.9994365905326272
quang_ninh,Quảng Ninh,lstm,4,6.484788576383889,9.61707004894451,2.5458798055085596
quang_ninh,Quảng Ninh,lstm,5,7.3990898616154235,11.252330561044579,2.732822524050706
quang_ninh,Quảng Ninh,lstm,6,8.617626654359967,13.054166140273695,3.4272700251920614
quang_ninh,Quảng Ninh,lstm,7,9.413706741302768,14.401938256983838,3.4260482137939356
quang_ninh,Quảng Ninh,lstm,8,10.558660409680162,16.17659452231315,3.8497386574036443
quang_ninh,Quảng Ninh,lstm,9,11.359229211433039,17.432723902164636,3.5317777088602242
quang_ninh,Quảng Ninh,lstm,10,12.292386548272495,18.678374493887933,3.934685521498116
quang_ninh,Quảng Ninh,lstm,11,12.945279836938157,19.43093484533996,3.7119188660248565
quang_ninh,Quảng Ninh,lstm,12,13.507480188914815,20.09571277073492,3.3903413561663363
quang_ninh,Quảng Ninh,mamba,1,3.3162188943869717,4.572776261696683,-1.0759178143477468
quang_ninh,Quảng Ninh,mamba,2,3.6130544017620894,5.0304674935272775,-0.9637846445876646
quang_ninh,Quảng Ninh,mamba,3,4.332769964689118,6.231732056964906,-0.7449187688113109
quang_ninh,Quảng Ninh,mamba,4,5.111035816073182,7.450942202477807,-0.38292161273994096
quang_ninh,Quảng Ninh,mamba,5,6.102082236248777,9.04109960563808,-0.0966153532278429
quang_ninh,Quảng Ninh,mamba,6,7.227581631981376,10.978839140505599,0.2882357358082013
quang_ninh,Quảng Ninh,mamba,7,8.430485647158447,13.251137403973186,0.6588136731184432
quang_ninh,Quảng Ninh,mamba,8,9.582935189614918,15.379181345529533,0.9544647374041629
quang_ninh,Quảng Ninh,mamba,9,10.637150299156936,17.279963743759282,1.1189725061659297
quang_ninh,Quảng Ninh,mamba,10,11.512209745233983,18.771262480305754,1.156277978982521
quang_ninh,Quảng Ninh,mamba,11,12.171907324380832,19.715098806739043,1.079444696257807
quang_ninh,Quảng Ninh,mamba,12,12.7273104452586,20.354553690448302,0.7562560173334038
quang_ninh,Quảng Ninh,transformer,1,4.44352065217528,6.228348405613797,-0.47101691446746574
quang_ninh,Quảng Ninh,transformer,2,4.780957350880203,6.646394622512255,0.9394309368579575
quang_ninh,Quảng Ninh,transformer,3,5.509655937711917,7.717942278378451,1.940390820830198
quang_ninh,Quảng Ninh,transformer,4,6.388490582381833,9.210611087929102,3.2853328192276563
quang_ninh,Quảng Ninh,transformer,5,7.94439066925835,11.436437616456509,5.155747937154449
quang_ninh,Quảng Ninh,transformer,6,9.346118796972636,13.739508033009242,6.104282593849959
quang_ninh,Quảng Ninh,transformer,7,10.648653065926775,16.024396333268086,7.19270061775658
quang_ninh,Quảng Ninh,transformer,8,11.808149191863565,17.389566993118827,7.555505841013651
quang_ninh,Quảng Ninh,transformer,9,12.983647200213602,19.282878630414697,7.916865476955273
quang_ninh,Quảng Ninh,transformer,10,13.340955594395817,19.50771283138988,6.999928668336267
quang_ninh,Quảng Ninh,transformer,11,14.160199102219542,20.205335337331974,6.838044104952213
quang_ninh,Quảng Ninh,transformer,12,14.744983659487984,20.365619587489853,6.3216133586386105
quang_tri,Quảng Trị,lstm,1,4.321642309061081,6.162946994486355,1.6350420832019734
quang_tri,Quảng Trị,lstm,2,4.304689725618064,6.157726343223646,1.8749577283764756
quang_tri,Quảng Trị,lstm,3,4.4710893113132135,6.484283773444121,1.731825948375773
quang_tri,Quảng Trị,lstm,4,4.659485714519681,6.982257472872258,1.6232839154195464
quang_tri,Quảng Trị,lstm,5,4.950875589595255,7.6535384955479735,1.6047096403638286
quang_tri,Quảng Trị,lstm,6,5.317758632755166,8.3597058196234,1.3890020428694196
quang_tri,Quảng Trị,lstm,7,5.7585909446931005,9.256966608385317,1.2095231272802909
quang_tri,Quảng Trị,lstm,8,6.1849383650154905,10.002377891866997,1.0071916402543861
quang_tri,Quảng Trị,lstm,9,6.636823375216562,10.786056386517556,1.1620651347931066
quang_tri,Quảng Trị,lstm,10,7.098742735655215,11.483197272912012,1.4155994510537238
quang_tri,Quảng Trị,lstm,11,7.485772447741036,12.063219893312661,1.3316393008177307
quang_tri,Quảng Trị,lstm,12,7.745897990864418,12.495509866492776,0.8998997446756443
quang_tri,Quảng Trị,mamba,1,2.0852803892905967,3.012643309808583,0.11597539544152778
quang_tri,Quảng Trị,mamba,2,2.3445079068649965,3.3864054020021963,0.4322612980174678
quang_tri,Quảng Trị,mamba,3,2.768985739975187,3.983522903780873,0.7663454735416105
quang_tri,Quảng Trị,mamba,4,3.2044578201469336,4.469117245907855,0.7889974687102291
quang_tri,Quảng Trị,mamba,5,3.811939671925028,5.344384716035985,0.8014207704644614
quang_tri,Quảng Trị,mamba,6,4.478911227854859,6.424133149887236,0.9084017198330535
quang_tri,Quảng Trị,mamba,7,5.182116196640323,7.564000593176967,1.277249197519539
quang_tri,Quảng Trị,mamba,8,6.008459124449837,8.908457143121625,1.6724641681237207
quang_tri,Quảng Trị,mamba,9,6.750166779229719,10.19323984312788,1.9338031183666906
quang_tri,Quảng Trị,mamba,10,7.4067731396905305,11.305765631461753,2.0737752744332223
quang_tri,Quảng Trị,mamba,11,7.7127158731588334,11.910749191567676,2.2281806982088033
quang_tri,Quảng Trị,mamba,12,8.012585444531647,12.422546257965168,1.875560192753765
quang_tri,Quảng Trị,transformer,1,3.577721004962354,5.148287287670505,-0.34595154298471636
quang_tri,Quảng Trị,transformer,2,3.561164654865182,5.181645969248212,-0.1410858798395581
quang_tri,Quảng Trị,transformer,3,3.7056499667173335,5.426456748184317,0.13782475366036756
quang_tri,Quảng Trị,transformer,4,4.043927914275095,5.9997790532696005,0.417952514479097
quang_tri,Quảng Trị,transformer,5,4.300599765361796,6.406547074923071,0.3450601133995948
quang_tri,Quảng Trị,transformer,6,4.646519073171839,6.919154297404683,0.5130145299354338
quang_tri,Quảng Trị,transformer,7,5.008154590499339,7.5789666486851965,0.27500601945016007
quang_tri,Quảng Trị,transformer,8,5.5891964549920035,8.540590579828432,0.430391635962814
quang_tri,Quảng Trị,transformer,9,6.086273033846667,9.386314365513467,0.454217132102673
quang_tri,Quảng Trị,transformer,10,6.4745603146365935,10.040221212017856,0.4908030824060247
quang_tri,Quảng Trị,transformer,11,6.837240368045137,10.551960310445054,0.39006189443835465
quang_tri,Quảng Trị,transformer,12,7.326856304717546,11.198637124452585,0.17258999567867225
son_la,Sơn La,lstm,1,5.717716650976059,8.317104469061915,-1.2598525117986787
son_la,Sơn La,lstm,2,5.473416951739311,7.933807221048504,-0.9957962671159706
son_la,Sơn La,lstm,3,5.450999046383139,7.9855433447187565,-0.6604305680101465
son_la,Sơn La,lstm,4,5.5857666656699765,8.087182749483912,-0.8066769213228532
son_la,Sơn La,lstm,5,5.64096219020848,8.08869634490734,-0.936457222338664
son_la,Sơn La,lstm,6,5.671230579244679,8.043447690460496,-0.17182058877903367
son_la,Sơn La,lstm,7,6.100707824864276,8.672701050435625,-0.6420437695249602
son_la,Sơn La,lstm,8,6.1724943160254755,8.74862995938722,0.13620503289898941
son_la,Sơn La,lstm,9,6.714142988751533,9.421884176345516,0.2679570425232393
son_la,Sơn La,lstm,10,7.0842440374966325,9.906917720912448,0.40246343442574406
son_la,Sơn La,lstm,11,7.589015074679646,10.489372020530844,0.7605185930189329
son_la,Sơn La,lstm,12,8.0743715571261,11.16795733524443,0.5782980402924927
son_la,Sơn La,mamba,1,3.29115649059657,5.8220696464284405,-0.10735553736919172
son_la,Sơn La,mamba,2,3.4813832355972516,6.051772162998175,-0.03292953273487432
son_la,Sơn La,mamba,3,3.87198701057933,6.163727422581276,0.6755833771320453
son_la,Sơn La,mamba,4,4.356552151238875,7.1727085674995665,0.6002767519775101
son_la,Sơn La,mamba,5,4.873793004384081,7.978121988702369,0.597725099010974
son_la,Sơn La,mamba,6,5.2578738798851345,8.391990656324964,0.44860443405532385
son_la,Sơn La,mamba,7,5.869198863013982,9.179265738415202,0.5473180461676406
son_la,Sơn La,mamba,8,6.1284094971888505,9.340640394907666,0.5512866422008343
son_la,Sơn La,mamba,9,6.509574533312083,9.762081657741968,0.4963183287727516
son_la,Sơn La,mamba,10,6.963068235974155,10.168454038958362,0.7504056037724419
son_la,Sơn La,mamba,11,7.3979598705701495,10.761520566487317,0.736395569391965
son_la,Sơn La,mamba,12,7.716793173700394,11.002665984564285,0.7913140725201195
son_la,Sơn La,transformer,1,4.872245295672392,6.995326783024969,1.0187729976501343
son_la,Sơn La,transformer,2,4.9754608266182565,7.219181580419532,1.1303831970601907
son_la,Sơn La,transformer,3,4.970981371105071,7.2127839646674,1.3151710334865527
son_la,Sơn La,transformer,4,5.116282095287321,7.328171430918917,1.528504514146125
son_la,Sơn La,transformer,5,5.362237126686438,7.6019917802913,1.5155785492947307
son_la,Sơn La,transformer,6,5.546215367326649,7.798225355709145,1.4837501365610215
son_la,Sơn La,transformer,7,5.745653995388422,8.015747870737666,1.5842350337224682
son_la,Sơn La,transformer,8,6.0206964699181595,8.423151048494562,1.5691272858065175
son_la,Sơn La,transformer,9,6.304045982224762,8.776628505943071,1.6504055345242712
son_la,Sơn La,transformer,10,6.716465812801039,9.381289577424461,1.6172937052239513
son_la,Sơn La,transformer,11,7.083089461838779,9.876108259363312,1.6228167654454022
son_la,Sơn La,transformer,12,7.514010167433731,10.435869779979793,1.6681292621190709
tay_ninh,Tây Ninh,lstm,1,3.741882668947635,5.1770347376701125,0.48019283081490133
tay_ninh,Tây Ninh,lstm,2,3.6931814948954,5.150439050670895,0.5349377705093608
tay_ninh,Tây Ninh,lstm,3,3.7662617611214135,5.401137768471792,0.2995555226026997
tay_ninh,Tây Ninh,lstm,4,4.13726906884156,5.903301119340447,0.45196520048996497
tay_ninh,Tây Ninh,lstm,5,4.427385554727561,6.471429868655561,0.12297264640405922
tay_ninh,Tây Ninh,lstm,6,4.989854482256889,7.290767587828554,0.39520799664812245
tay_ninh,Tây Ninh,lstm,7,5.317861527523444,7.991376647375059,0.06753004650912775
tay_ninh,Tây Ninh,lstm,8,5.998465979141798,8.988941634674562,-0.2671872523395116
tay_ninh,Tây Ninh,lstm,9,6.794899568924392,10.063447807056624,-0.24824972829315997
tay_ninh,Tây Ninh,lstm,10,7.478514280859743,10.892210530574792,0.09205060301911865
tay_ninh,Tây Ninh,lstm,11,8.209119287975431,11.626663423136085,0.562935111355413
tay_ninh,Tây Ninh,lstm,12,8.763816627868337,12.479538664286856,0.01524971724973988
tay_ninh,Tây Ninh,mamba,1,2.442035352999475,3.54229292852619,1.0302741753407711
tay_ninh,Tây Ninh,mamba,2,2.6393770239819054,3.9419288126577756,1.217629183581364
tay_ninh,Tây Ninh,mamba,3,2.907396891832446,4.306769126479365,1.2790624321428405
tay_ninh,Tây Ninh,mamba,4,3.176165249250354,4.604190334981303,1.2040302111806729
tay_ninh,Tây Ninh,mamba,5,3.550880850944262,5.189953108358885,1.2259081123463937
tay_ninh,Tây Ninh,mamba,6,4.119431043965827,6.071074001493977,1.3523355273089142
tay_ninh,Tây Ninh,mamba,7,4.732296614433346,7.019059317634359,1.494830566599782
tay_ninh,Tây Ninh,mamba,8,5.407702243002076,8.103839924334546,1.7890130314050192
tay_ninh,Tây Ninh,mamba,9,6.21349030055085,9.407216019211395,2.0001290389766684
tay_ninh,Tây Ninh,mamba,10,6.941154714335632,10.566678771801985,2.1306859083323078
tay_ninh,Tây Ninh,mamba,11,7.431440907530117,11.192474859570767,2.122008353530817
tay_ninh,Tây Ninh,mamba,12,7.7439854229153315,11.529730688271622,1.9474621885029797
tay_ninh,Tây Ninh,transformer,1,3.526481613298281,4.799824782195382,0.5191423927939132
tay_ninh,Tây Ninh,transformer,2,3.617276886083094,5.009606351423211,0.3332274002637648
tay_ninh,Tây Ninh,transformer,3,3.951794657969919,5.5455776776418535,0.9900753249547523
tay_ninh,Tây Ninh,transformer,4,4.318169468695618,6.096504514841134,1.257260044746535
tay_ninh,Tây Ninh,transformer,5,4.911146181328071,6.888125457222119,1.740276540785709
tay_ninh,Tây Ninh,transformer,6,5.551088288526803,7.716377845173103,2.1368537083344945
tay_ninh,Tây Ninh,transformer,7,6.067124218965304,8.431114795401257,2.5805158898606453
tay_ninh,Tây Ninh,transformer,8,6.688312329425728,9.23547076095538,2.998980476418706
tay_ninh,Tây Ninh,transformer,9,7.098753965047442,9.821153418146407,3.0227586396195045
tay_ninh,Tây Ninh,transformer,10,7.445937998465872,10.417514856876881,3.1190282978144044
tay_ninh,Tây Ninh,transformer,11,7.89218969719305,11.016222591447995,3.3204631314030064
tay_ninh,Tây Ninh,transformer,12,8.22394972871893,11.573918133653764,3.319575973129726
thai_nguyen,Thái Nguyên,lstm,1,9.524011470569395,12.858529373756173,3.578770347592191
thai_nguyen,Thái Nguyên,lstm,2,9.755442233393696,13.144574727053817,3.770717536179357
thai_nguyen,Thái Nguyên,lstm,3,8.747649280126256,12.054069705253927,2.708658229723555
thai_nguyen,Thái Nguyên,lstm,4,8.643509331460137,11.66514073146188,2.9881520704102336
thai_nguyen,Thái Nguyên,lstm,5,8.769424058972396,11.798451244740052,2.581860320415943
thai_nguyen,Thái Nguyên,lstm,6,10.171727202026512,13.712788158061665,3.2565315842297737
thai_nguyen,Thái Nguyên,lstm,7,11.140922975785855,15.533379272865997,2.172896697792419
thai_nguyen,Thái Nguyên,lstm,8,12.534084871936969,17.735730766923037,1.7886365662951627
thai_nguyen,Thái Nguyên,lstm,9,13.86298920566772,19.741446680323108,1.7447012857081066
thai_nguyen,Thái Nguyên,lstm,10,14.909299223752802,21.04165107620996,1.8393048208193603
thai_nguyen,Thái Nguyên,lstm,11,16.205148434572827,22.62894880554706,2.218795664481497
thai_nguyen,Thái Nguyên,lstm,12,16.915084025427976,23.502530321978337,1.5796902989566302
thai_nguyen,Thái Nguyên,mamba,1,6.981425171140448,17.185221835821284,-3.4721215601292608
thai_nguyen,Thái Nguyên,mamba,2,7.423044696296613,17.802558529588165,-3.2092096750741907
thai_nguyen,Thái Nguyên,mamba,3,7.910796497475052,18.01917374451672,-2.7457101581401053
thai_nguyen,Thái Nguyên,mamba,4,8.510979846769812,17.997951553190486,-2.08428229499109
thai_nguyen,Thái Nguyên,mamba,5,9.508546413267348,18.106994954736997,-1.3198416677379683
thai_nguyen,Thái Nguyên,mamba,6,10.88477361287322,18.918504342431167,-0.6240357815699384
thai_nguyen,Thái Nguyên,mamba,7,12.309288738834583,19.957134530250844,-0.09736057919797965
thai_nguyen,Thái Nguyên,mamba,8,13.736509599920117,21.168675385057334,0.3857979528682748
thai_nguyen,Thái Nguyên,mamba,9,15.24134055704091,22.850005219618023,0.5020710826392782
thai_nguyen,Thái Nguyên,mamba,10,16.67904786814025,24.481925031195374,0.6104856365545697
thai_nguyen,Thái Nguyên,mamba,11,17.895961764499745,26.00532096378241,0.2768799058035382
thai_nguyen,Thái Nguyên,mamba,12,18.97815683169747,27.270759735094472,0.1401989730363039
thai_nguyen,Thái Nguyên,transformer,1,6.608120626841941,9.801508512362304,0.014765876652085971
thai_nguyen,Thái Nguyên,transformer,2,6.637983864184367,9.792060911276263,0.9470232004595804
thai_nguyen,Thái Nguyên,transformer,3,6.915856144043646,10.052764187824565,1.2976255125816125
thai_nguyen,Thái Nguyên,transformer,4,7.2283253875744515,10.26844730470145,2.3007151633560112
thai_nguyen,Thái Nguyên,transformer,5,8.127883645026305,11.324840197728275,3.019000830179729
thai_nguyen,Thái Nguyên,transformer,6,9.217321165298783,13.09999233997807,3.5543259156870075
thai_nguyen,Thái Nguyên,transformer,7,10.537751282863185,15.22828978766798,3.7038560414474917
thai_nguyen,Thái Nguyên,transformer,8,12.037921244787215,17.456073873836658,4.052439232643662
thai_nguyen,Thái Nguyên,transformer,9,13.500800660050581,19.64279993371826,3.852380877300902
thai_nguyen,Thái Nguyên,transformer,10,14.544374069050575,20.947815716145367,3.285139619855242
thai_nguyen,Thái Nguyên,transformer,11,15.640966680755797,22.28743368860724,3.0852894550554817
thai_nguyen,Thái Nguyên,transformer,12,16.654041225268546,23.40120741797609,3.008202049687794
thanh_hoa,Thanh Hóa,lstm,1,5.86729377023861,8.761883222677968,2.906709777614308
thanh_hoa,Thanh Hóa,lstm,2,5.890682956787787,8.983644440483179,3.0024670915758613
thanh_hoa,Thanh Hóa,lstm,3,6.1388693819715066,9.306450950312831,3.0869333748773973
thanh_hoa,Thanh Hóa,lstm,4,6.3404021488027915,9.525480232648905,2.9451893214143743
thanh_hoa,Thanh Hóa,lstm,5,7.096975250183662,10.411137531707942,3.396631214385273
thanh_hoa,Thanh Hóa,lstm,6,8.016512506026103,11.70092810546935,3.652795382638418
thanh_hoa,Thanh Hóa,lstm,7,8.921670097989125,12.945391325825872,3.6194885169236
thanh_hoa,Thanh Hóa,lstm,8,10.072187058565591,14.362389370547778,3.763314105384273
thanh_hoa,Thanh Hóa,lstm,9,11.07080322610354,15.689593187950846,3.7829612417444083
thanh_hoa,Thanh Hóa,lstm,10,11.637282336367722,16.397293840140737,3.2193759732240728
thanh_hoa,Thanh Hóa,lstm,11,12.405924347625382,17.348513205151132,3.1413918206770175
thanh_hoa,Thanh Hóa,lstm,12,13.175464182584191,18.286941714468306,2.7598804998530126
thanh_hoa,Thanh Hóa,mamba,1,3.9844204407101156,5.991466325104103,0.3810353228084823
thanh_hoa,Thanh Hóa,mamba,2,4.211175403753727,6.5867612459421885,0.8509608861051567
thanh_hoa,Thanh Hóa,mamba,3,4.636107222125779,7.344386573489455,1.3251350333281466
thanh_hoa,Thanh Hóa,mamba,4,5.140071512071849,8.16754468457936,1.5800348297736024
thanh_hoa,Thanh Hóa,mamba,5,5.850688219164932,8.860514132991131,1.5817959302009403
thanh_hoa,Thanh Hóa,mamba,6,6.676180817993019,9.859554433458996,1.4719316480275992
thanh_hoa,Thanh Hóa,mamba,7,7.537325190401625,10.896830341125453,1.3858367369565234
thanh_hoa,Thanh Hóa,mamba,8,8.48236513685906,12.068406085075818,1.1249029860343434
thanh_hoa,Thanh Hóa,mamba,9,9.315804267184772,13.131498025917853,1.1063099867570887
thanh_hoa,Thanh Hóa,mamba,10,10.212134327625785,14.312113689929603,1.0029913743148
thanh_hoa,Thanh Hóa,mamba,11,11.004213002764702,15.44055894194581,0.7774647271590625
thanh_hoa,Thanh Hóa,mamba,12,11.762238889944445,16.56155036535053,0.5334683893410119
thanh_hoa,Thanh Hóa,transformer,1,5.785423752054826,9.092876135344653,0.7701351983746602
thanh_hoa,Thanh Hóa,transformer,2,6.163202303154243,9.868376111722517,1.0201689303984398
thanh_hoa,Thanh Hóa,transformer,3,6.348127526136981,10.29654520002972,1.1161074326523135
thanh_hoa,Thanh Hóa,transformer,4,6.832425489814991,10.6898690702955,1.72100638360482
thanh_hoa,Thanh Hóa,transformer,5,7.079613067590666,11.078116776270866,1.4432294273300867
thanh_hoa,Thanh Hóa,transformer,6,7.4536853326108785,11.411698558573686,1.512979102994637
thanh_hoa,Thanh Hóa,transformer,7,8.00053117278073,11.859618924179227,1.678458617123828
thanh_hoa,Thanh Hóa,transformer,8,8.585067538859775,12.708336641415297,1.6197529345620874
thanh_hoa,Thanh Hóa,transformer,9,9.204013565916227,13.498960189152543,1.4324968257122366
thanh_hoa,Thanh Hóa,transformer,10,9.814380774269301,14.404511117621668,1.4795064514135965
thanh_hoa,Thanh Hóa,transformer,11,10.638225913756527,15.136899141466598,2.09882882413437
thanh_hoa,Thanh Hóa,transformer,12,11.317525711694596,16.017228324526595,1.8422261803952464
tuyen_quang,Tuyên Quang,lstm,1,7.0874181347520775,9.701706490701293,2.830830311331067
tuyen_quang,Tuyên Quang,lstm,2,6.545036462578942,9.03102283910928,2.6124829380369547
tuyen_quang,Tuyên Quang,lstm,3,7.13101552811304,9.76416502486663,3.6074718788319338
tuyen_quang,Tuyên Quang,lstm,4,7.457598897515901,10.066064221497305,4.199864100616129
tuyen_quang,Tuyên Quang,lstm,5,7.983723220492562,10.759099734673468,4.788145197604886
tuyen_quang,Tuyên Quang,lstm,6,8.946594717575357,11.93706703998661,5.291920337230971
tuyen_quang,Tuyên Quang,lstm,7,9.752567566438087,13.197925870854617,5.5809317568772565
tuyen_quang,Tuyên Quang,lstm,8,10.542259062087776,14.258241956746447,5.7415143563735125
tuyen_quang,Tuyên Quang,lstm,9,11.2830176139889,15.307269202881578,5.596378876772657
tuyen_quang,Tuyên Quang,lstm,10,12.059729921973702,16.296089924105516,5.608506500933599
tuyen_quang,Tuyên Quang,lstm,11,12.709304681052965,17.12349317588378,5.420348590392703
tuyen_quang,Tuyên Quang,lstm,12,13.325876025042268,17.91069820814605,5.43709881722431
tuyen_quang,Tuyên Quang,mamba,1,3.8117284685953705,6.130823200689739,0.6217486311277023
tuyen_quang,Tuyên Quang,mamba,2,4.119230541710526,6.429942857484991,1.035517074817525
tuyen_quang,Tuyên Quang,mamba,3,4.569084676214439,7.066070801027069,1.4849076089366424
tuyen_quang,Tuyên Quang,mamba,4,5.161680008373858,7.829438648772562,1.876581166176146
tuyen_quang,Tuyên Quang,mamba,5,6.048371249593788,8.913306033765387,2.2421482451178076
tuyen_quang,Tuyên Quang,mamba,6,7.055193811427931,10.159193990283734,2.6840276920018207
tuyen_quang,Tuyên Quang,mamba,7,8.109467954579094,11.44816739220175,2.924859159180514
tuyen_quang,Tuyên Quang,mamba,8,9.420874777332793,13.167599459337348,3.640139099301977
tuyen_quang,Tuyên Quang,mamba,9,10.69785855040522,14.872994187443146,3.867321802538194
tuyen_quang,Tuyên Quang,mamba,10,11.976837075836672,16.482071645802705,4.268998108103959
tuyen_quang,Tuyên Quang,mamba,11,12.90478426475428,17.594715826498895,4.226083304900219
tuyen_quang,Tuyên Quang,mamba,12,13.725782725490017,18.601262009616203,4.107360694491187
tuyen_quang,Tuyên Quang,transformer,1,6.476019939070318,9.559872238235865,-2.1936813033954805
tuyen_quang,Tuyên Quang,transformer,2,6.281423766037514,9.174738733337676,-1.4541789526226876
tuyen_quang,Tuyên Quang,transformer,3,6.338288753598728,9.057053059585694,-0.4188555136494253
tuyen_quang,Tuyên Quang,transformer,4,6.559596279052057,9.329361748234264,0.4410335829557524
tuyen_quang,Tuyên Quang,transformer,5,7.123955943213065,10.102794112084604,1.2200088863849072
tuyen_quang,Tuyên Quang,transformer,6,7.7546642543869835,10.986603707802686,1.9854914800921366
tuyen_quang,Tuyên Quang,transformer,7,8.806824678473184,12.429143311262504,2.3041931149319814
tuyen_quang,Tuyên Quang,transformer,8,9.971908064338361,13.93889867824789,2.8013395837881334
tuyen_quang,Tuyên Quang,transformer,9,11.014677784814278,15.32139232317833,3.2766481415411803
tuyen_quang,Tuyên Quang,transformer,10,11.653113531111915,16.167372315959973,3.184632546647503
tuyen_quang,Tuyên Quang,transformer,11,12.194872154208625,16.921790762614517,2.967468452226818
tuyen_quang,Tuyên Quang,transformer,12,12.951589538235538,17.766921940724995,2.776300452221399
vinh_long,Vĩnh Long,lstm,1,4.818287541362628,6.659800480703413,0.27497732530639984
vinh_long,Vĩnh Long,lstm,2,4.873042745813225,6.699052233767199,0.5063699230144196
vinh_long,Vĩnh Long,lstm,3,4.866717769095126,6.762901001893919,0.3450699170052509
vinh_long,Vĩnh Long,lstm,4,5.148858188685093,7.082597069393051,0.5335273349563895
vinh_long,Vĩnh Long,lstm,5,5.66359392877519,7.661152917864316,0.8206189155956606
vinh_long,Vĩnh Long,lstm,6,6.082017598433765,8.133770392898196,0.98037889520658
vinh_long,Vĩnh Long,lstm,7,6.603189910634661,8.763569661793191,1.1459703721368875
vinh_long,Vĩnh Long,lstm,8,7.355958550778637,9.69944606329967,1.4198364593469572
vinh_long,Vĩnh Long,lstm,9,8.146347736868176,10.69254538074272,1.5015494792271453
vinh_long,Vĩnh Long,lstm,10,8.607358184826548,11.382127451484584,1.3489889960604624
vinh_long,Vĩnh Long,lstm,11,9.250163028035143,12.20950917712686,1.589749014571315
vinh_long,Vĩnh Long,lstm,12,9.848635050213813,12.986058046924635,1.6533199526514273
vinh_long,Vĩnh Long,mamba,1,3.6421947834560715,5.3715994759768115,2.4285562661163778
vinh_long,Vĩnh Long,mamba,2,4.317463228072243,6.227416091004581,3.187639089033238
vinh_long,Vĩnh Long,mamba,3,5.077792135534238,7.158971232018994,3.9049533310269156
vinh_long,Vĩnh Long,mamba,4,5.724557667179236,7.921547196106416,4.415332739758576
vinh_long,Vĩnh Long,mamba,5,6.392235875743937,8.854242586131903,4.765492224948443
vinh_long,Vĩnh Long,mamba,6,7.140664223494437,10.047618602825533,5.1481555359636655
vinh_long,Vĩnh Long,mamba,7,8.21612846988371,11.725282492959929,5.838489258804351
vinh_long,Vĩnh Long,mamba,8,9.511304520445591,13.66644840174413,6.7180742724188445
vinh_long,Vĩnh Long,mamba,9,10.729146392677116,15.278287939825043,7.349492846053128
vinh_long,Vĩnh Long,mamba,10,11.876833941035926,16.747861816408747,8.03572069063009
vinh_long,Vĩnh Long,mamba,11,12.6650497022244,17.680903548478483,8.434341265859464
vinh_long,Vĩnh Long,mamba,12,13.108633279516921,18.114867794611424,8.387459118782978
vinh_long,Vĩnh Long,transformer,1,3.6261397749953357,4.943423541584608,1.4263009756649954
vinh_long,Vĩnh Long,transformer,2,3.8360213961244054,5.217519104677358,1.4808505644554475
vinh_long,Vĩnh Long,transformer,3,4.171472866195939,5.536584682352263,1.7763831795939273
vinh_long,Vĩnh Long,transformer,4,4.755725496211224,6.239876099320643,2.208953228442857
vinh_long,Vĩnh Long,transformer,5,5.413931834144909,7.051072935314519,2.819257700674788
vinh_long,Vĩnh Long,transformer,6,5.967237579127979,7.694775831926698,2.967707940523841
vinh_long,Vĩnh Long,transformer,7,6.75912258164825,8.740685990675505,3.524282714746984
vinh_long,Vĩnh Long,transformer,8,7.635298027011359,9.817302564221407,4.280425195319758
vinh_long,Vĩnh Long,transformer,9,8.422306716985473,10.866479575502641,4.7486240887424565
vinh_long,Vĩnh Long,transformer,10,9.07078317588537,11.733232392724549,5.0566351577208435
vinh_long,Vĩnh Long,transformer,11,9.734826142760529,12.62900841987448,5.392957080322459
vinh_long,Vĩnh Long,transformer,12,10.387739561778707,13.575666214341151,5.847436028721311
